"Country or Area","Year","Unit","Value","Value Footnotes"
"Azerbaijan","2016","Mil. USD","1.56668935376986",""
"Azerbaijan","2015","Mil. USD","19.8133094528102",""
"Azerbaijan","2014","Mil. USD","1.14745058790906",""
"Azerbaijan","2013","Mil. USD","0.382389156616178",""
"Azerbaijan","2012","Mil. USD","0.152740670583332",""
"Azerbaijan","2011","Mil. USD","0.177285569592699",""
"Azerbaijan","2010","Mil. USD","0.373763853920627",""
"Azerbaijan","2009","Mil. USD","0.115702822070624",""
"Azerbaijan","2008","Mil. USD","0.0985857714260818",""
"Azerbaijan","2007","Mil. USD","0.174799951427751",""
"Azerbaijan","2006","Mil. USD","0.0335778923156993",""
"Belarus","2016","Thousand metric tons","4.723174",""
"Belarus","2015","Thousand metric tons","4.251992",""
"Belarus","2014","Thousand metric tons","4.218274",""
"Belarus","2013","Thousand metric tons","4.144201",""
"Belarus","2012","Thousand metric tons","4.504672",""
"Belarus","2011","Thousand metric tons","4.763738",""
"Belarus","2010","Mil. USD","30.3097856659894",""
"Belarus","2009","Mil. USD","25.9687502021358",""
"Belarus","2008","Mil. USD","29.3456624996051",""
"Belarus","2007","Mil. USD","28.7491835883593",""
"Belarus","2006","Mil. USD","21.9918810232226",""
"Belarus","2005","Mil. USD","16.5807727665265",""
"Belarus","2004","Mil. USD","11.8606230970151",""
"Belarus","2003","Mil. USD","6.45356029290786",""
"Belarus","2002","Mil. USD","4.43013354427434",""
"Belarus","2001","Mil. USD","3.36187050359712",""
"Bolivia (Plurinational State of)","1999","Mil. USD","0",""
"Bolivia (Plurinational State of)","1998","Mil. USD","0",""
"Bolivia (Plurinational State of)","1997","Mil. USD","0.190321818334653",""
"Bolivia (Plurinational State of)","1996","Mil. USD","0.197059381381337",""
"Bolivia (Plurinational State of)","1995","Mil. USD","0.208318505106407",""
"Bosnia and Herzegovina","2016","Mil. USD","1.70084476343756",""
"Bosnia and Herzegovina","2014","Mil. USD","1.58801311317871",""
"Brazil","2015","Mil. USD","771.444244583046",""
"Brazil","2014","Mil. USD","1084.83641151156",""
"Brazil","2013","Mil. USD","1186.46214365187",""
"Brazil","2012","Mil. USD","1087.0321760384",""
"Brazil","2011","Mil. USD","1123.78505635229",""
"Brazil","2010","Mil. USD","1046.76673501925",""
"Brazil","2009","Mil. USD","741.562022539842",""
"Brazil","2008","Mil. USD","741.086943449729",""
"Brazil","2007","Mil. USD","643.294925250486",""
"Brazil","2006","Mil. USD","568.399163650516",""
"Brazil","2005","Mil. USD","418.075188384914",""
"Brazil","2004","Mil. USD","280.724569431142",""
"Brazil","2003","Mil. USD","192.389447661342",""
"Brazil","2002","Mil. USD","141.890020828388",""
"Brazil","2001","Mil. USD","188.847154546258",""
"Brazil","2000","Mil. USD","195.162703251569",""
"Bulgaria","2016","Mil. USD","36.9315051894645",""
"Bulgaria","2015","Mil. USD","31.1720698254364",""
"Bulgaria","2014","Mil. USD","29.8471115627371",""
"Bulgaria","2013","Mil. USD","33.9312778442484",""
"Bulgaria","2012","Mil. USD","27.594362447457",""
"Bulgaria","2011","Mil. USD","24.1741956503977",""
"Bulgaria","2010","Mil. USD","20.9829259900613",""
"Bulgaria","2009","Mil. USD","19.1939716711195",""
"Bulgaria","2008","Mil. USD","17.9490695152504",""
"Bulgaria","2007","Mil. USD","14.695077149155",""
"Bulgaria","2006","Mil. USD","13.4678695113087",""
"Bulgaria","2005","Mil. USD","12.0701338302558",""
"Bulgaria","2004","Mil. USD","12.6975346202249",""
"Bulgaria","2003","Mil. USD","9.81126776007793",""
"Bulgaria","2002","Mil. USD","6.25910278168972",""
"Bulgaria","2001","Mil. USD","8.23908607174872",""
"Bulgaria","2000","Mil. USD","9.41941105132402",""
"Bulgaria","1999","Mil. USD","8.16822921866351",""
"Bulgaria","1998","Mil. USD","11.3613232154438",""
"Canada","2016","Mil. USD","803.380332300016",""
"Canada","2014","Mil. USD","1209.66098855083",""
"Canada","2013","Mil. USD","1578.62149414617",""
"Canada","2012","Mil. USD","1141.92689755505",""
"Canada","2011","Mil. USD","1042.91864636899",""
"Canada","2010","Mil. USD","960.042448014153",""
"Canada","2008","Mil. USD","959.664117558854",""
"Canada","2007","Mil. USD","906.806401333207",""
"Canada","2006","Mil. USD","863.039179098998",""
"Canada","2005","Mil. USD","776.554277650478",""
"Canada","2004","Mil. USD","828.5811828291",""
"Canada","2003","Mil. USD","564.647270919106",""
"Canada","2002","Mil. USD","450.25918896846",""
"Canada","2000","Mil. USD","336.204052225088",""
"Canada","1999","Mil. USD","347.236322395587",""
"Canada","1997","Mil. USD","355.549670787341",""
"Canada","1996","Mil. USD","382.480463425994",""
"Canada","1995","Mil. USD","388.86922265623",""
"Chile","2016","Mil. USD","76.0592760506917",""
"Chile","2015","Mil. USD","117.949333852406",""
"Chile","2014","Mil. USD","153.449239481193",""
"Chile","2013","Mil. USD","154.749439079722",""
"Chile","2012","Mil. USD","187.808196432125",""
"Chile","2011","Mil. USD","162.167187620376",""
"Chile","2010","Mil. USD","130.503346894246",""
"Croatia","2016","Mil. USD","17.7813839030779","1"
"Cyprus","2016","Mil. USD","2.48220443044554",""
"Cyprus","2015","Mil. USD","2.8835736232609",""
"Cyprus","2014","Mil. USD","3.84752784733522",""
"Cyprus","2013","Mil. USD","4.24876981716197",""
"Cyprus","2012","Mil. USD","4.49701752236245",""
"Cyprus","2011","Mil. USD","4.66667910471135",""
"Cyprus","2010","Mil. USD","4.84077138767389",""
"Cyprus","2009","Mil. USD","3.43408043763329",""
"Cyprus","2008","Mil. USD","3.24459067185471",""
"Cyprus","2007","Mil. USD","2.34672924611323",""
"Cyprus","2006","Mil. USD","2.17904826955509",""
"Cyprus","2005","Mil. USD","2.15484497413156",""
"Cyprus","2004","Mil. USD","6.40204111069739",""
"Cyprus","2003","Mil. USD","5.7977371090641",""
"Cyprus","2002","Mil. USD","4.91271747087536",""
"Czechia","2016","Mil. USD","119.272092428129",""
"Czechia","2015","Mil. USD","111.631688602063",""
"Czechia","2014","Mil. USD","121.642779718174",""
"Czechia","2013","Mil. USD","109.50107944483",""
"Czechia","2012","Mil. USD","105.529309891967",""
"Czechia","2011","Mil. USD","101.944419540197",""
"Czechia","2010","Mil. USD","87.6520100009163",""
"Czechia","2009","Mil. USD","85.873157425379",""
"Czechia","2008","Mil. USD","109.59679781314",""
"Czechia","2007","Mil. USD","96.4340270363494",""
"Czechia","2006","Mil. USD","72.049478696058",""
"Czechia","2005","Mil. USD","67.5364970485826",""
"Czechia","2004","Mil. USD","59.9616727789181",""
"Czechia","2003","Mil. USD","51.4374844907654",""
"Czechia","2002","Mil. USD","40.6249295236381",""
"Czechia","2001","Mil. USD","28.0528668150054",""
"Czechia","2000","Mil. USD","21.7107351121915",""
"Czechia","1999","Mil. USD","21.1170332014724",""
"Czechia","1998","Mil. USD","23.9768285945881",""
"Czechia","1997","Mil. USD","19.1492214385051",""
"Czechia","1996","Mil. USD","23.6508370198226",""
"Czechia","1995","Mil. USD","20.1200673180779",""
"Denmark","2016","Mil. USD","68.2084389854761","1"
"Denmark","2015","Mil. USD","52.390142856305",""
"Denmark","2014","Mil. USD","57.3197168174825",""
"Denmark","2013","Mil. USD","50.0146743458354",""
"Denmark","2012","Mil. USD","42.3687577979769",""
"Denmark","2011","Mil. USD","41.2383867475311",""
"Denmark","2010","Mil. USD","36.5818379022328",""
"Denmark","2009","Mil. USD","33.4908534689664",""
"Denmark","2008","Mil. USD","32.2700623774367",""
"Denmark","2007","Mil. USD","27.1550558206343",""
"Denmark","2006","Mil. USD","24.04663365346",""
"Denmark","2005","Mil. USD","22.8450985590913",""
"Denmark","2004","Mil. USD","23.8605654984625",""
"Denmark","2003","Mil. USD","14.5614384846041",""
"Denmark","2002","Mil. USD","11.0428317174666",""
"Denmark","2001","Mil. USD","11.4593405418297",""
"Denmark","2000","Mil. USD","11.5077744602889",""
"Denmark","1999","Mil. USD","12.4204442507712",""
"Denmark","1998","Mil. USD","10.3723023228975",""
"Denmark","1997","Mil. USD","7.8930005749903",""
"Denmark","1996","Mil. USD","8.85616619668356",""
"Denmark","1995","Mil. USD","7.15804630186052",""
"Ecuador","2011","Mil. USD","0",""
"Egypt","2015","Mil. USD","356.552189676659",""
"Egypt","2014","Mil. USD","356.302553082096",""
"El Salvador","1998","Mil. USD","6.106057143",""
"El Salvador","1997","Mil. USD","3.256228571",""
"El Salvador","1996","Mil. USD","0.312457143",""
"Estonia","2016","Mil. USD","2.46671830654793",""
"Estonia","2015","Mil. USD","0",""
"Estonia","2014","Mil. USD","0",""
"Estonia","2012","Mil. USD","0",""
"Estonia","2011","Mil. USD","0",""
"Estonia","2009","Mil. USD","0",""
"Estonia","2008","Mil. USD","0",""
"Estonia","2007","Mil. USD","0",""
"Estonia","2006","Mil. USD","0",""
"Ethiopia","2016","Thousand metric tons","0.974",""
"Ethiopia","2015","Thousand metric tons","1.236",""
"Ethiopia","2014","Thousand metric tons","7.944",""
"Ethiopia","2012","Thousand metric tons","2.291",""
"Ethiopia","2011","Thousand metric tons","2.007",""
"Finland","2016","Mil. USD","57.5198887625526",""
"Finland","2015","Mil. USD","58.7805392433952",""
"Finland","2014","Mil. USD","78.2772906871649",""
"Finland","2013","Mil. USD","75.6812123681976",""
"Finland","2012","Mil. USD","74.5220046562921",""
"Finland","2011","Mil. USD","87.5784282385508",""
"Finland","2010","Mil. USD","74.1677695512279",""
"Finland","2009","Mil. USD","77.794702470657",""
"Finland","2008","Mil. USD","92.2840687705854",""
"Finland","2007","Mil. USD","105.387418521497",""
"Finland","2006","Mil. USD","87.8138430160292",""
"Finland","2005","Mil. USD","93.2696612445904",""
"Finland","2004","Mil. USD","93.125477268071",""
"Finland","2003","Mil. USD","72.2319775102728",""
"Finland","2002","Mil. USD","55.5267116422572",""
"Finland","2001","Mil. USD","45.6371755062595",""
"Finland","2000","Mil. USD","40.538019364582",""
"Finland","1999","Mil. USD","40.4846534704234",""
"Finland","1998","Mil. USD","42.2782478821135",""
"Finland","1997","Mil. USD","38.9400657043766",""
"France","2016","Mil. USD","4895.52944672743","1"
"France","2004","Mil. USD","5218.87963842481",""
"France","2003","Mil. USD","4482.77521276926",""
"France","2002","Mil. USD","3578.22788225199",""
"France","2001","Mil. USD","6262.19190969208",""
"France","2000","Mil. USD","5107.60081598121",""
"France","1999","Mil. USD","5993.71707369705",""
"Germany","2016","Mil. USD","2472.96804710005",""
"Germany","2015","Mil. USD","2325.17090979682",""
"Germany","2014","Mil. USD","2652.40925553498",""
"Germany","2013","Mil. USD","2512.69394203575",""
"Germany","2012","Mil. USD","2495.15153407247",""
"Germany","2011","Mil. USD","2980.79044928278",""
"Germany","2010","Mil. USD","2827.75900610053",""
"Germany","2009","Mil. USD","2768.53665440983",""
"Germany","2008","Mil. USD","3225.27425250757",""
"Germany","2007","Mil. USD","3275.09108141862",""
"Germany","2006","Mil. USD","2728.62385044884",""
"Germany","2005","Mil. USD","2439.63074665473",""
"Germany","2004","Mil. USD","2800.58629317142",""
"Germany","2003","Mil. USD","2354.2832347511",""
"Germany","2002","Mil. USD","1717.92958052235",""
"Germany","2001","Mil. USD","1478.36116140348",""
"Germany","2000","Mil. USD","1518.26115105434",""
"Germany","1999","Mil. USD","1620.69241947335",""
"Germany","1998","Mil. USD","1670.14888664246",""
"Germany","1997","Mil. USD","1666.69455702882",""
"Germany","1996","Mil. USD","1900.12106024803",""
"Germany","1995","Mil. USD","1952.46676005169",""
"Greece","2016","Mil. USD","201.977259892494",""
"Greece","2015","Mil. USD","187.072314598699",""
"Greece","2014","Mil. USD","187.328372147838",""
"Greece","2013","Mil. USD","155.821527247875",""
"Greece","2004","Mil. USD","68.7890161603745",""
"Greece","2003","Mil. USD","60.5137296247981",""
"Greece","2002","Mil. USD","45.8634224845535",""
"Greece","2001","Mil. USD","47.1916553816753",""
"Greece","2000","Mil. USD","41.6290409664153",""
"Greece","1999","Mil. USD","44.224928429531",""
"Greece","1998","Mil. USD","95.9361957022812",""
"Greece","1997","Mil. USD","125.081592241576",""
"Greece","1996","Mil. USD","132.124795880945",""
"Greece","1995","Mil. USD","100.634823538355",""
"Hungary","2016","Mil. USD","13.2600021328321",""
"Hungary","2015","Mil. USD","12.7446680926852",""
"Hungary","2014","Mil. USD","11.1650102806422",""
"Hungary","2013","Mil. USD","14.5287109680592",""
"Hungary","2012","Mil. USD","11.4746873853367",""
"Hungary","2011","Mil. USD","13.6629285522383",""
"Hungary","2010","Mil. USD","9.4736968657452",""
"Hungary","2009","Mil. USD","8.36703595403812",""
"Hungary","2008","Mil. USD","13.2645156292366",""
"Hungary","2007","Mil. USD","16.4682710766005",""
"Hungary","2006","Mil. USD","9.21146442321403",""
"Hungary","2005","Mil. USD","15.4121729109516",""
"Hungary","2004","Mil. USD","17.0657021311577",""
"Hungary","2003","Mil. USD","8.92082268323128",""
"Hungary","2002","Mil. USD","7.6041155029341",""
"Iran (Islamic Republic of)","2009","Mil. USD","60.1050817841914",""
"Ireland","2004","Mil. USD","122.755520788711",""
"Ireland","2003","Mil. USD","120.258342182064",""
"Ireland","2002","Mil. USD","91.8214013122496",""
"Ireland","2001","Mil. USD","82.4838345965584",""
"Ireland","2000","Mil. USD","78.5435291570474",""
"Ireland","1999","Mil. USD","98.2656687854207",""
"Ireland","1998","Mil. USD","126.86857135696",""
"Ireland","1997","Mil. USD","163.098072093491",""
"Ireland","1996","Mil. USD","158.78853445028",""
"Ireland","1995","Mil. USD","151.172565413697",""
"Italy","2016","Mil. USD","2015.55884673543","1"
"Italy","2004","Mil. USD","1171.13234371993",""
"Italy","2003","Mil. USD","982.312006403063",""
"Italy","2003","Million units","934.953","2"
"Japan","2016","Mil. USD","10963.5003754841",""
"Japan","2015","Mil. USD","8085.231752169",""
"Japan","2014","Mil. USD","8594.21286641765",""
"Japan","2013","Mil. USD","9056.08933405926",""
"Japan","2012","Mil. USD","10804.1865439826",""
"Japan","2011","Mil. USD","11348.5627733984",""
"Japan","2010","Mil. USD","11532.3586414312",""
"Japan","2009","Mil. USD","10649.3967219911",""
"Japan","2008","Mil. USD","10006.9472120063",""
"Japan","2007","Mil. USD","8269.86678778592",""
"Japan","2006","Mil. USD","8507.94373431872",""
"Japan","2005","Mil. USD","9218.09549108541",""
"Japan","2004","Mil. USD","9323.93054134807",""
"Japan","2003","Mil. USD","8219.54219042462",""
"Japan","2002","Mil. USD","7434.78528647036",""
"Japan","2001","Mil. USD","7679.06757359188",""
"Japan","2000","Mil. USD","8392.1757333002",""
"Japan","1999","Mil. USD","7781.12422695027",""
"Japan","1998","Mil. USD","6987.05090887812",""
"Japan","1997","Mil. USD","7716.40089762977",""
"Jordan","2007","Mil. USD","18.1650271347057",""
"Jordan","2006","Mil. USD","16.984485190409",""
"Jordan","2005","Mil. USD","18.6812411847673",""
"Jordan","2004","Mil. USD","9.99717912552891",""
"Kazakhstan","2016","Thousand metric tons","0.04",""
"Kazakhstan","2015","Thousand metric tons","0.074",""
"Kazakhstan","2014","Thousand metric tons","0.053",""
"Kazakhstan","2013","Thousand metric tons","0.053",""
"Kazakhstan","2012","Thousand metric tons","0.079",""
"Kazakhstan","2011","Thousand metric tons","0.076",""
"Kazakhstan","2010","Thousand metric tons","0.104",""
"Kazakhstan","2009","Thousand metric tons","0.023",""
"Kazakhstan","2008","Thousand metric tons","0.04",""
"Kazakhstan","2007","Thousand metric tons","0.101",""
"Kazakhstan","2006","Thousand metric tons","0.088",""
"Kazakhstan","2005","Thousand metric tons","0.125",""
"Kazakhstan","2004","Thousand metric tons","0.089",""
"Kazakhstan","2003","Thousand metric tons","0.083",""
"Kazakhstan","2002","Thousand metric tons","0.092",""
"Kazakhstan","2001","Thousand metric tons","0.054",""
"Kazakhstan","2000","Thousand metric tons","0.057",""
"Kazakhstan","1999","Thousand metric tons","0.042",""
"Kyrgyzstan","2007","Mil. USD","0",""
"Kyrgyzstan","2006","Thousand metric tons","0",""
"Kyrgyzstan","2005","Thousand metric tons","0",""
"Kyrgyzstan","2004","Thousand metric tons","0.0002",""
"Kyrgyzstan","2003","Thousand metric tons","0.0003",""
"Kyrgyzstan","2002","Thousand metric tons","0.0001",""
"Latvia","2016","Mil. USD","15.9083663394991",""
"Latvia","2015","Mil. USD","14.7442154520503",""
"Latvia","2014","Mil. USD","16.3361879721246",""
"Latvia","2013","Mil. USD","11.9533426781185",""
"Latvia","2012","Mil. USD","11.3152000061439",""
"Latvia","2011","Mil. USD","9.45068829626389",""
"Latvia","2010","Mil. USD","9.92506715347034",""
"Latvia","2009","Mil. USD","6.9231530000874",""
"Latvia","2007","Mil. USD","4.08725975160778",""
"Latvia","2006","Mil. USD","5.88856339818589",""
"Lithuania","2016","Mil. USD","9.40228950926341","1"
"Lithuania","2015","Mil. USD","8.09137863606328",""
"Lithuania","2014","Mil. USD","8.46153846153846",""
"Lithuania","2013","Mil. USD","6.49748014475123",""
"Lithuania","2012","Mil. USD","5.95616627632748",""
"Lithuania","2011","Mil. USD","5.82475495548546",""
"Lithuania","2010","Mil. USD","4.5665686149124",""
"Lithuania","2009","Mil. USD","1.5312596449323",""
"Lithuania","2008","Mil. USD","3.73344081117487",""
"Lithuania","2007","Mil. USD","2.8133017662384",""
"Lithuania","2006","Mil. USD","1.6350407397651",""
"Lithuania","2005","Mil. USD","1.26170456286443",""
"Lithuania","2004","Mil. USD","1.07890706714099",""
"Lithuania","2003","Mil. USD","1.04545553546926",""
"Lithuania","2002","Mil. USD","0.788695366414723",""
"Lithuania","2001","Mil. USD","0.725",""
"Lithuania","2000","Mil. USD","0.725",""
"Lithuania","1999","Mil. USD","0.825",""
"Lithuania","1998","Mil. USD","0.95",""
"Lithuania","1997","Mil. USD","0.2",""
"Luxembourg","2016","Mil. USD","0","1"
"Madagascar","2006","Mil. USD","0.142792617212484",""
"Madagascar","2005","Mil. USD","0.149067420952384",""
"Madagascar","2004","Mil. USD","0.144419760126216",""
"Malta","2016","Mil. USD","0","1"
"Mexico","2016","Mil. USD","409.166102300753",""
"Mexico","2015","Mil. USD","468.347747709876",""
"Mexico","2014","Mil. USD","654.160820616214",""
"Mexico","2013","Mil. USD","677.490263349036",""
"Mexico","2012","Mil. USD","612.568851469653",""
"Mexico","2011","Mil. USD","595.412278687014",""
"Mexico","2010","Mil. USD","519.475757441862",""
"Mexico","2009","Mil. USD","508.647849646372",""
"Mexico","2008","Mil. USD","482.150638755403",""
"Mexico","2007","Mil. USD","431.97448800236",""
"Mexico","2006","Mil. USD","553.579797982885",""
"Mexico","2005","Mil. USD","499.39934865077",""
"Mexico","2004","Mil. USD","437.206678500437",""
"Mexico","2003","Mil. USD","428.027787203083",""
"Mexico","2002","Mil. USD","461.217814561821",""
"Mexico","2001","Mil. USD","387.611599875478",""
"Mexico","2000","Mil. USD","363.553359708178",""
"Mexico","1999","Mil. USD","305.259273999852",""
"Mexico","1998","Mil. USD","330.558909716016",""
"Mexico","1997","Mil. USD","319.898060986606",""
"Mexico","1996","Mil. USD","274.756783060823",""
"Mexico","1995","Mil. USD","238.214481826643",""
"Mongolia","2016","Mil. USD","1.3892211801732",""
"Mongolia","2015","Mil. USD","0.990386804610548",""
"Mongolia","2014","Mil. USD","0.913535749413176",""
"Mongolia","2013","Mil. USD","0.968232018911661",""
"Mongolia","2012","Mil. USD","0.723184955421109",""
"Mongolia","2011","Mil. USD","0.751358653958009",""
"Mongolia","2010","Mil. USD","0.301733523210702",""
"Mongolia","2009","Mil. USD","0.299938030108604",""
"Mongolia","2008","Mil. USD","0.442774948622731",""
"Mongolia","2007","Mil. USD","0.175805536137549",""
"Mongolia","2006","Mil. USD","0.129529717675198",""
"Montenegro","2016","Mil. USD","0","1"
"Netherlands","2016","Mil. USD","50.6097590490975",""
"Netherlands","2015","Mil. USD","62.1277027799342",""
"Netherlands","2014","Mil. USD","72.9172863757047",""
"Netherlands","2013","Mil. USD","75.6812123681976",""
"Netherlands","2012","Mil. USD","80.9463154025242",""
"Netherlands","2011","Mil. USD","87.5784282385508",""
"Norway","2003","Mil. USD","18.9659450158069",""
"Norway","2002","Mil. USD","18.4912436932277",""
"Poland","2016","Mil. USD","952.96650783524","1"
"Poland","2015","Mil. USD","878.83525666534",""
"Poland","2014","Mil. USD","989.050178870248",""
"Poland","2013","Mil. USD","1096.93783374585",""
"Poland","2012","Mil. USD","969.740375780643",""
"Poland","2011","Mil. USD","995.326216190379",""
"Poland","2010","Mil. USD","864.590588001194",""
"Poland","2009","Mil. USD","853.486887614611",""
"Poland","2008","Mil. USD","982.616366561154",""
"Poland","2007","Mil. USD","993.1537780668",""
"Poland","2006","Mil. USD","600.678341152429",""
"Poland","2005","Mil. USD","529.44176295144",""
"Poland","2004","Mil. USD","298.963129703338",""
"Poland","2003","Mil. USD","414.057327256481",""
"Poland","2002","Mil. USD","217.74331909053",""
"Poland","2001","Mil. USD","175.724858936466",""
"Poland","2000","Mil. USD","142.841529425976",""
"Portugal","2016","Mil. USD","8.3109336875237",""
"Portugal","2015","Mil. USD","17.8291745299594",""
"Portugal","2014","Mil. USD","16.676974127433",""
"Portugal","2013","Mil. USD","9.51850441624172",""
"Portugal","2012","Mil. USD","6.98844360634236",""
"Portugal","2011","Mil. USD","7.75699376567736",""
"Portugal","2010","Mil. USD","6.61065541441723",""
"Portugal","2009","Mil. USD","6.65902787715871",""
"Portugal","2008","Mil. USD","6.51242081594824",""
"Portugal","2007","Mil. USD","8.59347487639219",""
"Portugal","2006","Mil. USD","5.86400270132108",""
"Portugal","2005","Mil. USD","5.68183231358504",""
"Portugal","2004","Mil. USD","4.96669212096379",""
"Portugal","2003","Mil. USD","5.51491938328187",""
"Portugal","2002","Mil. USD","3.78040158047215",""
"Portugal","2001","Mil. USD","5.1262037923598",""
"Portugal","2000","Mil. USD","5.40007324483046",""
"Portugal","1999","Mil. USD","7.60235525189134",""
"Portugal","1998","Mil. USD","7.11065027482936",""
"Portugal","1997","Mil. USD","11.1144190902933",""
"Portugal","1996","Mil. USD","11.6094883123161",""
"Portugal","1995","Mil. USD","12.5653712312467",""
"Romania","2016","Mil. USD","38.2829064949151",""
"Romania","2015","Mil. USD","35.5656153752546",""
"Romania","2014","Mil. USD","42.3181828360716",""
"Romania","2013","Mil. USD","37.2274946751243",""
"Romania","2012","Mil. USD","29.8131598362101",""
"Romania","2011","Mil. USD","33.4077027532321",""
"Romania","2010","Mil. USD","31.0503791812203",""
"Romania","2009","Mil. USD","27.1830651045723",""
"Romania","2008","Mil. USD","32.382130793382",""
"Romania","2007","Mil. USD","27.2691479544755",""
"Romania","2006","Mil. USD","19.9075584879464",""
"Romania","2005","Mil. USD","16.4412156354231",""
"Romania","2004","Mil. USD","15.8212099607491",""
"Romania","2003","Mil. USD","14.5364147691954",""
"Romania","2002","Mil. USD","13.705463822434",""
"Russian Federation","2016","Million units","2390.12698","3"
"Russian Federation","2015","Million units","2276.09494","3"
"Russian Federation","2014","Million units","2001.76252","3"
"Russian Federation","2013","Million units","1766.51393","3"
"Russian Federation","2012","Million units","1591.854","3"
"Russian Federation","2011","Million units","1511.05","3"
"Russian Federation","2010","Million units","1499.775","3"
"Russian Federation","2009","Million units","1314.933","3"
"Russian Federation","2008","Million units","1242.006","3"
"Russian Federation","2007","Million units","1297.78","3"
"Russian Federation","2006","Million units","1198.866","3"
"Russian Federation","2005","Million units","1212.664","3"
"Russian Federation","2004","Million units","948.411","3"
"Russian Federation","2003","Million units","892.018","3"
"Russian Federation","2002","Million units","854.628","3"
"Russian Federation","2001","Million units","865.939","3"
"Russian Federation","2000","Million units","824.406","3"
"Russian Federation","1999","Million units","709.051","3"
"Russian Federation","1998","Million units","393.177","3"
"Russian Federation","1997","Million units","319.827","3"
"Saudi Arabia","2016","Mil. USD","401.866666666667",""
"Saudi Arabia","2015","Mil. USD","409.6",""
"Serbia","2006","Thousand metric tons","0.50611",""
"Slovakia","2016","Mil. USD","4.72326778877115",""
"Slovakia","2015","Mil. USD","6.25291849536344",""
"Slovakia","2014","Mil. USD","7.52125357467013",""
"Slovakia","2013","Mil. USD","5.79691531929037",""
"Slovakia","2012","Mil. USD","11.5637593432177",""
"Slovakia","2011","Mil. USD","8.34080268938579",""
"Slovakia","2010","Mil. USD","10.5953956501754",""
"Slovakia","2009","Mil. USD","9.25340202066154",""
"Slovakia","2008","Mil. USD","9.78399528745361",""
"Slovakia","2007","Mil. USD","9.43536303875384",""
"Slovakia","2006","Mil. USD","8.88971201037133",""
"Slovakia","2005","Mil. USD","12.3475695759754",""
"Slovakia","2004","Mil. USD","10.6953805772922",""
"Slovakia","2003","Mil. USD","10.6600192623647",""
"Slovakia","2002","Mil. USD","7.34665512087233",""
"Slovakia","2001","Mil. USD","8.23082146217718",""
"Slovenia","2016","Mil. USD","11.8170186855836",""
"Slovenia","2014","Mil. USD","38.9820907622081",""
"Slovenia","2013","Mil. USD","40.2796656072634",""
"Slovenia","2011","Mil. USD","30.3563513880196",""
"Slovenia","2010","Mil. USD","14.1461776174404",""
"Slovenia","2009","Mil. USD","17.7260786343854",""
"Slovenia","2008","Mil. USD","20.9645967022955",""
"Slovenia","2007","Mil. USD","30.4049545773383",""
"Slovenia","2006","Mil. USD","20.6825143296186",""
"Slovenia","2005","Mil. USD","19.797408135819",""
"Slovenia","2004","Mil. USD","22.8290706545114",""
"Slovenia","2003","Mil. USD","20.2494539093879",""
"Slovenia","2002","Mil. USD","16.9948664134716",""
"Slovenia","2001","Mil. USD","17.5493335735267",""
"Slovenia","2000","Mil. USD","18.2031014550119",""
"Slovenia","1999","Mil. USD","18.3030031601615",""
"Spain","2016","Mil. USD","772.093891466571",""
"Spain","2015","Mil. USD","715.348071924338",""
"Spain","2014","Mil. USD","857.069996337432",""
"Spain","2013","Mil. USD","813.90496810009",""
"Spain","2012","Mil. USD","758.068668055385",""
"Spain","2011","Mil. USD","849.371740535786",""
"Spain","2010","Mil. USD","708.567084105481",""
"Spain","2009","Mil. USD","727.936144546862",""
"Spain","2008","Mil. USD","892.079331448993",""
"Spain","2007","Mil. USD","904.689397957263",""
"Spain","2006","Mil. USD","777.779752427687",""
"Spain","2005","Mil. USD","722.52897577476",""
"Spain","2004","Mil. USD","663.053398148665",""
"Sweden","2016","Mil. USD","92.0358288874751",""
"Sweden","2015","Mil. USD","96.7661413131493",""
"Sweden","2014","Mil. USD","110.755547652346",""
"Sweden","2013","Mil. USD","58.2696731585277",""
"Sweden","2012","Mil. USD","94.5751295618781",""
"Sweden","2011","Mil. USD","88.0503889733159",""
"Sweden","2010","Mil. USD","89.2872483142327",""
"Sweden","2009","Mil. USD","79.0607913282508",""
"Sweden","2008","Mil. USD","84.4416061610361",""
"Sweden","2007","Mil. USD","60.8422834332282",""
"Sweden","2006","Mil. USD","105.525983524321",""
"Sweden","2005","Mil. USD","92.4651187271305",""
"Sweden","2004","Mil. USD","99.4708495527213",""
"Sweden","2003","Mil. USD","35.7394421534766",""
"Sweden","2002","Mil. USD","26.3938322646285",""
"Sweden","2001","Mil. USD","40.7584919777495",""
"Sweden","2000","Mil. USD","33.9436489950197",""
"Sweden","1999","Mil. USD","35.0986402907781",""
"Sweden","1998","Mil. USD","29.1828738711369",""
"Sweden","1997","Mil. USD","33.6612393557518",""
"Sweden","1996","Mil. USD","33.2540215805676",""
"Turkey","2016","Mil. USD","222.506628369815",""
"Turkey","2015","Mil. USD","211.396396033652",""
"Turkey","2014","Mil. USD","217.039430487292",""
"Turkey","2013","Mil. USD","196.452483946835",""
"Turkey","2012","Mil. USD","204.376016320829",""
"Turkey","2011","Mil. USD","208.205699921451",""
"Turkey","2009","Mil. USD","118.906311565957",""
"Turkey","2008","Mil. USD","150.823455018066",""
"Turkey","2007","Mil. USD","176.141343381885",""
"Turkey","2006","Mil. USD","136.231254154239",""
"Turkey","2005","Mil. USD","101.147446076915",""
"Ukraine","2016","Thousand metric tons","7.285351",""
"Ukraine","2015","Thousand metric tons","6.594332",""
"Ukraine","2014","Thousand metric tons","6.941303",""
"Ukraine","2013","Thousand metric tons","8.869843",""
"Ukraine","2012","Thousand metric tons","9.009456",""
"Ukraine","2011","Thousand metric tons","7.91061",""
"Ukraine","2010","Thousand metric tons","7.297357",""
"Ukraine","2009","Thousand metric tons","5.576114",""
"Ukraine","2008","Thousand metric tons","5.901345",""
"Ukraine","2007","Thousand metric tons","6.127668",""
"Ukraine","2006","Thousand metric tons","6.877063",""
"Ukraine","2005","Thousand metric tons","7.613352",""
"Ukraine","2004","Thousand metric tons","5.023532",""
"Ukraine","2003","Thousand metric tons","3.94359",""
"United Kingdom","2016","Mil. USD","965.39390988967","1"
"United Kingdom","2015","Mil. USD","799.027747925213",""
"United Kingdom","2014","Mil. USD","1505.60374111891",""
"United Kingdom","2013","Mil. USD","1352.27967730098",""
"United Kingdom","2012","Mil. USD","1287.06086550819",""
"United Kingdom","2011","Mil. USD","1359.13069660997",""
"United Kingdom","2010","Mil. USD","1029.49515396434",""
"United Kingdom","2009","Mil. USD","866.819289655841",""
"United Kingdom","2008","Mil. USD","1054.74613958473",""
"United Kingdom","2007","Mil. USD","1198.14515295318",""
"United Kingdom","2006","Mil. USD","1031.69596310244",""
"United Kingdom","2005","Mil. USD","808.324267649296",""
"United Kingdom","2004","Mil. USD","1067.77985279578",""
"United Kingdom","2003","Mil. USD","2015.60070043961",""
"United Kingdom","2002","Mil. USD","1708.27359155106",""
"United Kingdom","2001","Mil. USD","860.571074850105",""
"United Kingdom","2000","Mil. USD","933.985780156018",""
"United Kingdom","1999","Mil. USD","888.267809735203",""
"United Kingdom","1998","Mil. USD","856.707165797195",""
"United Kingdom","1997","Mil. USD","839.177625735692",""
"United Republic of Tanzania","2009","Mil. USD","33.8624491356444","4"
"Uruguay","2013","Mil. USD","6.49363066889582",""
"Uruguay","2012","Mil. USD","5.72214214631776",""
"Uruguay","2010","Mil. USD","5.72453391261648",""
"Uruguay","2003","Mil. USD","2.39166570104596",""
"Uruguay","2001","Mil. USD","2.29133789017539",""
"Uruguay","2000","Mil. USD","6.53570799507695",""
"Uruguay","1999","Mil. USD","5.27209990502059",""
"Uruguay","1998","Mil. USD","6.1246338617413",""
"Uruguay","1997","Mil. USD","6.68274734497185",""
"Uzbekistan","2016","Mil. USD","6.47290250842997",""
"Uzbekistan","2016","Thousand metric tons","0.913469",""

"fnSeqID","Footnote"
"1","Calculated by the Statistics Division of the United Nations, based on Prodcom data."
"2","Excluding Prodcom 2002 code 24.52.14.00."
"3","All cosmetic products."
"4","Tanganyika only."
