Countries,Type,Amount 
World,Balance2016,-136103
World,Balance2017,669973
World,Balance2018,621599
World,Balance2019,906406
World,Balance2020,-3479041
World,Exported2020,60484795
World,Imported2020,63963836
France,Balance2016,5772428
France,Balance2017,6826712
France,Balance2018,7623363
France,Balance2019,7982568
France,Balance2020,7249903
France,Exported2020,8950761
France,Imported2020,1700858
Republic of Korea,Balance2016,2491548
Republic of Korea,Balance2017,2913895
Republic of Korea,Balance2018,3859659
Republic of Korea,Balance2019,4289310
Republic of Korea,Balance2020,5232173
Republic of Korea,Exported2020,6115434
Republic of Korea,Imported2020,883261
Japan,Balance2016,822642
Japan,Balance2017,1393379
Japan,Balance2018,2508248
Japan,Balance2019,2887906
Japan,Balance2020,3872159
Japan,Exported2020,5260979
Japan,Imported2020,1388820
Singapore,Balance2016,1104503
Singapore,Balance2017,1655255
Singapore,Balance2018,2324770
Singapore,Balance2019,3053634
Singapore,Balance2020,3341770
Singapore,Exported2020,6236091
Singapore,Imported2020,2894321
Germany,Balance2016,982899
Germany,Balance2017,963356
Germany,Balance2018,1159084
Germany,Balance2019,1214765
Germany,Balance2020,1175327
Germany,Exported2020,3361866
Germany,Imported2020,2186539
Switzerland,Balance2016,369003
Switzerland,Balance2017,585777
Switzerland,Balance2018,870932
Switzerland,Balance2019,929276
Switzerland,Balance2020,1106649
Switzerland,Exported2020,1638189
Switzerland,Imported2020,531540
Poland,Balance2016,562308
Poland,Balance2017,523036
Poland,Balance2018,789372
Poland,Balance2019,775721
Poland,Balance2020,933821
Poland,Exported2020,1954336
Poland,Imported2020,1020515
Italy,Balance2016,818466
Italy,Balance2017,922167
Italy,Balance2018,1137071
Italy,Balance2019,1107364
Italy,Balance2020,823764
Italy,Exported2020,1828187
Italy,Imported2020,1004423
United States,Balance2016,122241
United States,Balance2017,417444
United States,Balance2018,425832
United States,Balance2019,987572
United States,Balance2020,593531
United States,Exported2020,5081837
United States,Imported2020,4488306
Spain,Balance2016,-144771
Spain,Balance2017,-109223
Spain,Balance2018,-21323
Spain,Balance2019,22184
Spain,Balance2020,134975
Spain,Exported2020,1104431
Spain,Imported2020,969456
Israel,Balance2016,85161
Israel,Balance2017,121827
Israel,Balance2018,136284
Israel,Balance2019,124831
Israel,Balance2020,125453
Israel,Exported2020,249780
Israel,Imported2020,124327
South Africa,Balance2016,49891
South Africa,Balance2017,62320
South Africa,Balance2018,64619
South Africa,Balance2019,38906
South Africa,Balance2020,115636
South Africa,Exported2020,270332
South Africa,Imported2020,154696
Netherlands,Balance2016,-148458
Netherlands,Balance2017,-21087
Netherlands,Balance2018,36904
Netherlands,Balance2019,71899
Netherlands,Balance2020,75506
Netherlands,Exported2020,1083410
Netherlands,Imported2020,1007904
Senegal,Balance2016,22092
Senegal,Balance2017,26939
Senegal,Balance2018,45040
Senegal,Balance2019,45273
Senegal,Balance2020,52732
Senegal,Exported2020,60069
Senegal,Imported2020,7337
United Kingdom,Balance2016,-393400
United Kingdom,Balance2017,-408891
United Kingdom,Balance2018,-275635
United Kingdom,Balance2019,-123275
United Kingdom,Balance2020,33387
United Kingdom,Exported2020,2040434
United Kingdom,Imported2020,2007047
Czech Republic,Balance2016,-49130
Czech Republic,Balance2017,-81816
Czech Republic,Balance2018,-109535
Czech Republic,Balance2019,-14176
Czech Republic,Balance2020,27154
Czech Republic,Exported2020,849309
Czech Republic,Imported2020,822155
Côte d'Ivoire,Balance2016,133367
Côte d'Ivoire,Balance2017,148537
Côte d'Ivoire,Balance2018,165299
Côte d'Ivoire,Balance2019,144969
Côte d'Ivoire,Balance2020,20338
Côte d'Ivoire,Exported2020,28510
Côte d'Ivoire,Imported2020,8172
Colombia,Balance2016,36806
Colombia,Balance2017,50765
Colombia,Balance2018,53353
Colombia,Balance2019,48153
Colombia,Balance2020,19291
Colombia,Exported2020,143282
Colombia,Imported2020,123991
Luxembourg,Balance2016,19180
Luxembourg,Balance2017,26414
Luxembourg,Balance2018,19998
Luxembourg,Balance2019,16664
Luxembourg,Balance2020,13326
Luxembourg,Exported2020,89779
Luxembourg,Imported2020,76453
Lebanon,Balance2016,-32350
Lebanon,Balance2017,-44126
Lebanon,Balance2018,-42795
Lebanon,Balance2019,-27906
Lebanon,Balance2020,11131
Lebanon,Exported2020,37424
Lebanon,Imported2020,26293
India,Balance2016,55014
India,Balance2017,25491
India,Balance2018,-20009
India,Balance2019,-53913
India,Balance2020,3616
India,Exported2020,141832
India,Imported2020,138216
Kenya,Balance2016,555
Kenya,Balance2017,1033
Kenya,Balance2018,940
Kenya,Balance2019,751
Kenya,Balance2020,2273
Kenya,Exported2020,11703
Kenya,Imported2020,9430
Free Zones,Balance2016,6793
Free Zones,Balance2017,9305
Free Zones,Balance2018,6481
Free Zones,Balance2019,3766
Free Zones,Balance2020,1768
Free Zones,Exported2020,4341
Free Zones,Imported2020,2573
Togo,Balance2016,43224
Togo,Balance2017,48347
Togo,Balance2018,60258
Togo,Balance2019,70252
Togo,Balance2020,1086
Togo,Exported2020,3371
Togo,Imported2020,2285
United States Minor Outlying Islands,Balance2016,-11781
United States Minor Outlying Islands,Balance2017,-13985
United States Minor Outlying Islands,Balance2018,-14022
United States Minor Outlying Islands,Balance2019,-14280
United States Minor Outlying Islands,Balance2020,815
United States Minor Outlying Islands,Exported2020,2765
United States Minor Outlying Islands,Imported2020,1950
French Southern and Antarctic Territories,Balance2016,-14
French Southern and Antarctic Territories,Balance2017,-34
French Southern and Antarctic Territories,Balance2018,-108
French Southern and Antarctic Territories,Balance2019,-53
French Southern and Antarctic Territories,Balance2020,249
French Southern and Antarctic Territories,Exported2020,297
French Southern and Antarctic Territories,Imported2020,48
Sint Maarten (Dutch part),Balance2016,-125
Sint Maarten (Dutch part),Balance2017,-104
Sint Maarten (Dutch part),Balance2018,-349
Sint Maarten (Dutch part),Balance2019,-36
Sint Maarten (Dutch part),Balance2020,52
Sint Maarten (Dutch part),Exported2020,106
Sint Maarten (Dutch part),Imported2020,54
Tokelau,Balance2016,11
Tokelau,Balance2017,71
Tokelau,Balance2018,15
Tokelau,Balance2019,0
Tokelau,Balance2020,19
Tokelau,Exported2020,19
Tokelau,Imported2020,
Saint Helena,Balance2016,-13
Saint Helena,Balance2017,-8
Saint Helena,Balance2018,-17
Saint Helena,Balance2019,43
Saint Helena,Balance2020,2
Saint Helena,Exported2020,6
Saint Helena,Imported2020,4
Tuvalu,Balance2016,-64
Tuvalu,Balance2017,-1
Tuvalu,Balance2018,-23
Tuvalu,Balance2019,-22
Tuvalu,Balance2020,-1
Tuvalu,Exported2020,
Tuvalu,Imported2020,1
Eritrea,Balance2016,-3
Eritrea,Balance2017,-8
Eritrea,Balance2018,-75
Eritrea,Balance2019,-71
Eritrea,Balance2020,-2
Eritrea,Exported2020,
Eritrea,Imported2020,2
Christmas Island,Balance2016,-8
Christmas Island,Balance2017,-34
Christmas Island,Balance2018,-36
Christmas Island,Balance2019,-44
Christmas Island,Balance2020,-3
Christmas Island,Exported2020,1
Christmas Island,Imported2020,4
Palau,Balance2016,-350
Palau,Balance2017,-325
Palau,Balance2018,-300
Palau,Balance2019,-7
Palau,Balance2020,-10
Palau,Exported2020,
Palau,Imported2020,10
Guam,Balance2016,-183
Guam,Balance2017,-87
Guam,Balance2018,-138
Guam,Balance2019,-137
Guam,Balance2020,-12
Guam,Exported2020,
Guam,Imported2020,12
Montserrat,Balance2016,-11
Montserrat,Balance2017,-3
Montserrat,Balance2018,-69
Montserrat,Balance2019,-1
Montserrat,Balance2020,-14
Montserrat,Exported2020,3
Montserrat,Imported2020,17
Niue,Balance2016,-9
Niue,Balance2017,-8
Niue,Balance2018,-11
Niue,Balance2019,-10
Niue,Balance2020,-25
Niue,Exported2020,
Niue,Imported2020,25
Marshall Islands,Balance2016,-25
Marshall Islands,Balance2017,-163
Marshall Islands,Balance2018,-46
Marshall Islands,Balance2019,-31
Marshall Islands,Balance2020,-25
Marshall Islands,Exported2020,
Marshall Islands,Imported2020,25
Northern Mariana Islands,Balance2016,-310
Northern Mariana Islands,Balance2017,-206
Northern Mariana Islands,Balance2018,-459
Northern Mariana Islands,Balance2019,-74
Northern Mariana Islands,Balance2020,-26
Northern Mariana Islands,Exported2020,
Northern Mariana Islands,Imported2020,26
Norfolk Island,Balance2016,-64
Norfolk Island,Balance2017,-9
Norfolk Island,Balance2018,-15
Norfolk Island,Balance2019,-24
Norfolk Island,Balance2020,-26
Norfolk Island,Exported2020,
Norfolk Island,Imported2020,26
Wallis and Futuna Islands,Balance2016,-89
Wallis and Futuna Islands,Balance2017,-62
Wallis and Futuna Islands,Balance2018,-39
Wallis and Futuna Islands,Balance2019,-218
Wallis and Futuna Islands,Balance2020,-32
Wallis and Futuna Islands,Exported2020,
Wallis and Futuna Islands,Imported2020,32
Falkland Islands,Balance2016,-46
Falkland Islands,Balance2017,-41
Falkland Islands,Balance2018,-21
Falkland Islands,Balance2019,
Falkland Islands,Balance2020,-43
Falkland Islands,Exported2020,
Falkland Islands,Imported2020,43
Nauru,Balance2016,-25
Nauru,Balance2017,-46
Nauru,Balance2018,-50
Nauru,Balance2019,4
Nauru,Balance2020,-45
Nauru,Exported2020,
Nauru,Imported2020,45
Comoros,Balance2016,-61
Comoros,Balance2017,-60
Comoros,Balance2018,-69
Comoros,Balance2019,-73
Comoros,Balance2020,-59
Comoros,Exported2020,9
Comoros,Imported2020,68
Solomon Islands,Balance2016,-259
Solomon Islands,Balance2017,-370
Solomon Islands,Balance2018,-300
Solomon Islands,Balance2019,-146
Solomon Islands,Balance2020,-75
Solomon Islands,Exported2020,1
Solomon Islands,Imported2020,76
Central African Republic,Balance2016,-1
Central African Republic,Balance2017,-157
Central African Republic,Balance2018,-86
Central African Republic,Balance2019,-101
Central African Republic,Balance2020,-79
Central African Republic,Exported2020,
Central African Republic,Imported2020,79
Tonga,Balance2016,-2880
Tonga,Balance2017,-134
Tonga,Balance2018,-153
Tonga,Balance2019,-127
Tonga,Balance2020,-86
Tonga,Exported2020,1
Tonga,Imported2020,87
Sao Tome and Principe,Balance2016,-129
Sao Tome and Principe,Balance2017,-125
Sao Tome and Principe,Balance2018,-135
Sao Tome and Principe,Balance2019,-104
Sao Tome and Principe,Balance2020,-108
Sao Tome and Principe,Exported2020,1
Sao Tome and Principe,Imported2020,109
Cook Islands,Balance2016,-347
Cook Islands,Balance2017,44
Cook Islands,Balance2018,-382
Cook Islands,Balance2019,-203
Cook Islands,Balance2020,-111
Cook Islands,Exported2020,7
Cook Islands,Imported2020,118
Federated States of Micronesia,Balance2016,0
Federated States of Micronesia,Balance2017,-1
Federated States of Micronesia,Balance2018,-21
Federated States of Micronesia,Balance2019,-41
Federated States of Micronesia,Balance2020,-122
Federated States of Micronesia,Exported2020,4
Federated States of Micronesia,Imported2020,126
Saint Kitts and Nevis,Balance2016,-817
Saint Kitts and Nevis,Balance2017,-714
Saint Kitts and Nevis,Balance2018,-134
Saint Kitts and Nevis,Balance2019,-379
Saint Kitts and Nevis,Balance2020,-130
Saint Kitts and Nevis,Exported2020,2
Saint Kitts and Nevis,Imported2020,132
Anguilla,Balance2016,-906
Anguilla,Balance2017,-561
Anguilla,Balance2018,-326
Anguilla,Balance2019,-213
Anguilla,Balance2020,-131
Anguilla,Exported2020,1
Anguilla,Imported2020,132
British Virgin Islands,Balance2016,-1015
British Virgin Islands,Balance2017,-839
British Virgin Islands,Balance2018,-828
British Virgin Islands,Balance2019,37
British Virgin Islands,Balance2020,-136
British Virgin Islands,Exported2020,758
British Virgin Islands,Imported2020,894
St. Pierre and Miquelon,Balance2016,-170
St. Pierre and Miquelon,Balance2017,-162
St. Pierre and Miquelon,Balance2018,-196
St. Pierre and Miquelon,Balance2019,-123
St. Pierre and Miquelon,Balance2020,-150
St. Pierre and Miquelon,Exported2020,
St. Pierre and Miquelon,Imported2020,150
Dominica,Balance2016,-254
Dominica,Balance2017,-43
Dominica,Balance2018,-112
Dominica,Balance2019,-280
Dominica,Balance2020,-160
Dominica,Exported2020,1
Dominica,Imported2020,161
Saint Vincent and the Grenadines,Balance2016,-726
Saint Vincent and the Grenadines,Balance2017,-624
Saint Vincent and the Grenadines,Balance2018,-709
Saint Vincent and the Grenadines,Balance2019,-672
Saint Vincent and the Grenadines,Balance2020,-192
Saint Vincent and the Grenadines,Exported2020,1
Saint Vincent and the Grenadines,Imported2020,193
Turks and Caicos Islands,Balance2016,-409
Turks and Caicos Islands,Balance2017,-273
Turks and Caicos Islands,Balance2018,-374
Turks and Caicos Islands,Balance2019,-432
Turks and Caicos Islands,Balance2020,-206
Turks and Caicos Islands,Exported2020,54
Turks and Caicos Islands,Imported2020,260
Vanuatu,Balance2016,-290
Vanuatu,Balance2017,-48
Vanuatu,Balance2018,-12
Vanuatu,Balance2019,-259
Vanuatu,Balance2020,-212
Vanuatu,Exported2020,58
Vanuatu,Imported2020,270
Gambia,Balance2016,-86
Gambia,Balance2017,-91
Gambia,Balance2018,-164
Gambia,Balance2019,-103
Gambia,Balance2020,-235
Gambia,Exported2020,
Gambia,Imported2020,235
Liberia,Balance2016,
Liberia,Balance2017,-574
Liberia,Balance2018,-2998
Liberia,Balance2019,-2400
Liberia,Balance2020,-270
Liberia,Exported2020,2
Liberia,Imported2020,272
Demo. Rep. Korea,Balance2016,-3542
Demo. Rep. Korea,Balance2017,-2520
Demo. Rep. Korea,Balance2018,-3323
Demo. Rep. Korea,Balance2019,-3421
Demo. Rep. Korea,Balance2020,-287
Demo. Rep. Korea,Exported2020,314
Demo. Rep. Korea,Imported2020,601
Kiribati,Balance2016,-70
Kiribati,Balance2017,-90
Kiribati,Balance2018,-167
Kiribati,Balance2019,-139
Kiribati,Balance2020,-361
Kiribati,Exported2020,
Kiribati,Imported2020,361
Antigua and Barbuda,Balance2016,-1979
Antigua and Barbuda,Balance2017,-1707
Antigua and Barbuda,Balance2018,-1810
Antigua and Barbuda,Balance2019,-1722
Antigua and Barbuda,Balance2020,-453
Antigua and Barbuda,Exported2020,2
Antigua and Barbuda,Imported2020,455
Uganda,Balance2016,5048
Uganda,Balance2017,-4165
Uganda,Balance2018,-5826
Uganda,Balance2019,-6892
Uganda,Balance2020,-455
Uganda,Exported2020,11020
Uganda,Imported2020,11475
Saint Lucia,Balance2016,-2780
Saint Lucia,Balance2017,-1819
Saint Lucia,Balance2018,-1754
Saint Lucia,Balance2019,-1927
Saint Lucia,Balance2020,-467
Saint Lucia,Exported2020,16
Saint Lucia,Imported2020,483
Chad,Balance2016,-1510
Chad,Balance2017,-2463
Chad,Balance2018,-2397
Chad,Balance2019,-4472
Chad,Balance2020,-560
Chad,Exported2020,6
Chad,Imported2020,566
Sudan (before 2012),Balance2016,
Sudan (before 2012),Balance2017,
Sudan (before 2012),Balance2018,
Sudan (before 2012),Balance2019,
Sudan (before 2012),Balance2020,-581
Sudan (before 2012),Exported2020,
Sudan (before 2012),Imported2020,581
Samoa,Balance2016,-142
Samoa,Balance2017,-123
Samoa,Balance2018,-168
Samoa,Balance2019,-157
Samoa,Balance2020,-600
Samoa,Exported2020,14
Samoa,Imported2020,614
Belize,Balance2016,-881
Belize,Balance2017,-698
Belize,Balance2018,-532
Belize,Balance2019,-1066
Belize,Balance2020,-602
Belize,Exported2020,9
Belize,Imported2020,611
Sierra Leone,Balance2016,-1353
Sierra Leone,Balance2017,-1289
Sierra Leone,Balance2018,-1237
Sierra Leone,Balance2019,-1965
Sierra Leone,Balance2020,-845
Sierra Leone,Exported2020,2
Sierra Leone,Imported2020,847
Niger,Balance2016,998
Niger,Balance2017,1519
Niger,Balance2018,755
Niger,Balance2019,-906
Niger,Balance2020,-881
Niger,Exported2020,165
Niger,Imported2020,1046
Democratic Republic of the Congo,Balance2016,-1447
Democratic Republic of the Congo,Balance2017,-1175
Democratic Republic of the Congo,Balance2018,-1317
Democratic Republic of the Congo,Balance2019,-1137
Democratic Republic of the Congo,Balance2020,-887
Democratic Republic of the Congo,Exported2020,527
Democratic Republic of the Congo,Imported2020,1414
Fiji,Balance2016,-3733
Fiji,Balance2017,-3101
Fiji,Balance2018,-4469
Fiji,Balance2019,-3537
Fiji,Balance2020,-934
Fiji,Exported2020,3608
Fiji,Imported2020,4542
Grenada,Balance2016,-1793
Grenada,Balance2017,
Grenada,Balance2018,-1032
Grenada,Balance2019,-1026
Grenada,Balance2020,-1004
Grenada,Exported2020,1
Grenada,Imported2020,1005
Cabo Verde,Balance2016,-1003
Cabo Verde,Balance2017,-1185
Cabo Verde,Balance2018,-1238
Cabo Verde,Balance2019,-1489
Cabo Verde,Balance2020,-1009
Cabo Verde,Exported2020,
Cabo Verde,Imported2020,1009
Seychelles,Balance2016,-1304
Seychelles,Balance2017,-1375
Seychelles,Balance2018,-1612
Seychelles,Balance2019,-1619
Seychelles,Balance2020,-1152
Seychelles,Exported2020,
Seychelles,Imported2020,1152
French Polynesia,Balance2016,-2711
French Polynesia,Balance2017,-2268
French Polynesia,Balance2018,-2337
French Polynesia,Balance2019,-2421
French Polynesia,Balance2020,-1175
French Polynesia,Exported2020,3041
French Polynesia,Imported2020,4216
Equatorial Guinea,Balance2016,-1535
Equatorial Guinea,Balance2017,-1488
Equatorial Guinea,Balance2018,-2082
Equatorial Guinea,Balance2019,-1821
Equatorial Guinea,Balance2020,-1190
Equatorial Guinea,Exported2020,
Equatorial Guinea,Imported2020,1190
"Bonaire, Sint Eustatius and Saba",Balance2016,-289
"Bonaire, Sint Eustatius and Saba",Balance2017,-703
"Bonaire, Sint Eustatius and Saba",Balance2018,-863
"Bonaire, Sint Eustatius and Saba",Balance2019,-734
"Bonaire, Sint Eustatius and Saba",Balance2020,-1193
"Bonaire, Sint Eustatius and Saba",Exported2020,5
"Bonaire, Sint Eustatius and Saba",Imported2020,1198
Mauritania,Balance2016,-1401
Mauritania,Balance2017,-1210
Mauritania,Balance2018,-1194
Mauritania,Balance2019,-1393
Mauritania,Balance2020,-1218
Mauritania,Exported2020,
Mauritania,Imported2020,1218
Suriname,Balance2016,-1167
Suriname,Balance2017,-1420
Suriname,Balance2018,-1878
Suriname,Balance2019,-1965
Suriname,Balance2020,-1287
Suriname,Exported2020,9
Suriname,Imported2020,1296
Syria,Balance2016,-3634
Syria,Balance2017,-3477
Syria,Balance2018,-5397
Syria,Balance2019,-3976
Syria,Balance2020,-1314
Syria,Exported2020,139
Syria,Imported2020,1453
Timor-Leste,Balance2016,
Timor-Leste,Balance2017,-1341
Timor-Leste,Balance2018,-1486
Timor-Leste,Balance2019,-1907
Timor-Leste,Balance2020,-1432
Timor-Leste,Exported2020,1
Timor-Leste,Imported2020,1433
Papua New Guinea,Balance2016,-6324
Papua New Guinea,Balance2017,-1798
Papua New Guinea,Balance2018,-2325
Papua New Guinea,Balance2019,-1665
Papua New Guinea,Balance2020,-1457
Papua New Guinea,Exported2020,4
Papua New Guinea,Imported2020,1461
Guinea-Bissau,Balance2016,-76
Guinea-Bissau,Balance2017,-126
Guinea-Bissau,Balance2018,-124
Guinea-Bissau,Balance2019,-1729
Guinea-Bissau,Balance2020,-1638
Guinea-Bissau,Exported2020,
Guinea-Bissau,Imported2020,1638
South Sudan,Balance2016,-614
South Sudan,Balance2017,-218
South Sudan,Balance2018,-152
South Sudan,Balance2019,-343
South Sudan,Balance2020,-1708
South Sudan,Exported2020,
South Sudan,Imported2020,1708
Cuba,Balance2016,-4802
Cuba,Balance2017,-4850
Cuba,Balance2018,-5674
Cuba,Balance2019,-2527
Cuba,Balance2020,-1724
Cuba,Exported2020,25
Cuba,Imported2020,1749
Greenland,Balance2016,-919
Greenland,Balance2017,-1136
Greenland,Balance2018,-1646
Greenland,Balance2019,-1886
Greenland,Balance2020,-1738
Greenland,Exported2020,11
Greenland,Imported2020,1749
Bhutan,Balance2016,-1146
Bhutan,Balance2017,-1143
Bhutan,Balance2018,-1317
Bhutan,Balance2019,-1806
Bhutan,Balance2020,-1775
Bhutan,Exported2020,7
Bhutan,Imported2020,1782
Cayman Islands,Balance2016,-1474
Cayman Islands,Balance2017,-1477
Cayman Islands,Balance2018,-1696
Cayman Islands,Balance2019,-2497
Cayman Islands,Balance2020,-2068
Cayman Islands,Exported2020,1
Cayman Islands,Imported2020,2069
Aruba,Balance2016,-8983
Aruba,Balance2017,-8113
Aruba,Balance2018,-8162
Aruba,Balance2019,-5183
Aruba,Balance2020,-2160
Aruba,Exported2020,2108
Aruba,Imported2020,4268
Republic of Congo,Balance2016,-3064
Republic of Congo,Balance2017,-2864
Republic of Congo,Balance2018,-2414
Republic of Congo,Balance2019,-2762
Republic of Congo,Balance2020,-2211
Republic of Congo,Exported2020,146
Republic of Congo,Imported2020,2357
Somalia,Balance2016,-3156
Somalia,Balance2017,-3831
Somalia,Balance2018,-6304
Somalia,Balance2019,-6878
Somalia,Balance2020,-2223
Somalia,Exported2020,15
Somalia,Imported2020,2238
Madagascar,Balance2016,-2131
Madagascar,Balance2017,-2722
Madagascar,Balance2018,-2691
Madagascar,Balance2019,-2654
Madagascar,Balance2020,-2351
Madagascar,Exported2020,69
Madagascar,Imported2020,2420
Mozambique,Balance2016,-2023
Mozambique,Balance2017,-2685
Mozambique,Balance2018,-2808
Mozambique,Balance2019,-3015
Mozambique,Balance2020,-2392
Mozambique,Exported2020,16
Mozambique,Imported2020,2408
Tajikistan,Balance2016,-2331
Tajikistan,Balance2017,-2448
Tajikistan,Balance2018,-2279
Tajikistan,Balance2019,-2280
Tajikistan,Balance2020,-2411
Tajikistan,Exported2020,
Tajikistan,Imported2020,2411
Guyana,Balance2016,-3116
Guyana,Balance2017,-2163
Guyana,Balance2018,-2818
Guyana,Balance2019,-3073
Guyana,Balance2020,-2550
Guyana,Exported2020,11
Guyana,Imported2020,2561
Lesotho,Balance2016,-4029
Lesotho,Balance2017,-4510
Lesotho,Balance2018,-2124
Lesotho,Balance2019,-2582
Lesotho,Balance2020,-2555
Lesotho,Exported2020,765
Lesotho,Imported2020,3320
Bahamas,Balance2016,-7696
Bahamas,Balance2017,-8385
Bahamas,Balance2018,-10658
Bahamas,Balance2019,-4691
Bahamas,Balance2020,-2605
Bahamas,Exported2020,3
Bahamas,Imported2020,2608
Burkina Faso,Balance2016,-2639
Burkina Faso,Balance2017,-2102
Burkina Faso,Balance2018,-2746
Burkina Faso,Balance2019,-2613
Burkina Faso,Balance2020,-2614
Burkina Faso,Exported2020,18
Burkina Faso,Imported2020,2632
Sri Lanka,Balance2016,-12352
Sri Lanka,Balance2017,-10800
Sri Lanka,Balance2018,
Sri Lanka,Balance2019,-6366
Sri Lanka,Balance2020,-2732
Sri Lanka,Exported2020,3695
Sri Lanka,Imported2020,6427
Gabon,Balance2016,-6991
Gabon,Balance2017,-6644
Gabon,Balance2018,-6230
Gabon,Balance2019,-4854
Gabon,Balance2020,-2880
Gabon,Exported2020,3
Gabon,Imported2020,2883
Faroe Islands,Balance2016,-1137
Faroe Islands,Balance2017,-1102
Faroe Islands,Balance2018,-1553
Faroe Islands,Balance2019,-1919
Faroe Islands,Balance2020,-3088
Faroe Islands,Exported2020,11
Faroe Islands,Imported2020,3099
Gibraltar,Balance2016,-4450
Gibraltar,Balance2017,-4335
Gibraltar,Balance2018,-4558
Gibraltar,Balance2019,-5305
Gibraltar,Balance2020,-3092
Gibraltar,Exported2020,18
Gibraltar,Imported2020,3110
Malawi,Balance2016,-2503
Malawi,Balance2017,-3653
Malawi,Balance2018,-4435
Malawi,Balance2019,-3660
Malawi,Balance2020,-3182
Malawi,Exported2020,78
Malawi,Imported2020,3260
Slovenia,Balance2016,6258
Slovenia,Balance2017,-15653
Slovenia,Balance2018,-1109
Slovenia,Balance2019,-6435
Slovenia,Balance2020,-3360
Slovenia,Exported2020,89372
Slovenia,Imported2020,92732
Bermuda,Balance2016,-4068
Bermuda,Balance2017,-3852
Bermuda,Balance2018,-4130
Bermuda,Balance2019,-4099
Bermuda,Balance2020,-3425
Bermuda,Exported2020,
Bermuda,Imported2020,3425
Djibouti,Balance2016,-5840
Djibouti,Balance2017,-5305
Djibouti,Balance2018,-6723
Djibouti,Balance2019,-4424
Djibouti,Balance2020,-3483
Djibouti,Exported2020,3
Djibouti,Imported2020,3486
Jamaica,Balance2016,-4876
Jamaica,Balance2017,-5107
Jamaica,Balance2018,-5827
Jamaica,Balance2019,-6751
Jamaica,Balance2020,-3504
Jamaica,Exported2020,766
Jamaica,Imported2020,4270
Benin,Balance2016,-3463
Benin,Balance2017,-3475
Benin,Balance2018,-3283
Benin,Balance2019,-3757
Benin,Balance2020,-3753
Benin,Exported2020,194
Benin,Imported2020,3947
Afghanistan,Balance2016,0
Afghanistan,Balance2017,-3197
Afghanistan,Balance2018,-3412
Afghanistan,Balance2019,-1903
Afghanistan,Balance2020,-3938
Afghanistan,Exported2020,11
Afghanistan,Imported2020,3949
Barbados,Balance2016,-4829
Barbados,Balance2017,-3022
Barbados,Balance2018,-4271
Barbados,Balance2019,-3891
Barbados,Balance2020,-3994
Barbados,Exported2020,61
Barbados,Imported2020,4055
Turkmenistan,Balance2016,-6796
Turkmenistan,Balance2017,-7828
Turkmenistan,Balance2018,-4477
Turkmenistan,Balance2019,-4476
Turkmenistan,Balance2020,-4145
Turkmenistan,Exported2020,
Turkmenistan,Imported2020,4145
Burundi,Balance2016,-2315
Burundi,Balance2017,-2666
Burundi,Balance2018,-3831
Burundi,Balance2019,-3152
Burundi,Balance2020,-4147
Burundi,Exported2020,11
Burundi,Imported2020,4158
Maldives,Balance2016,-7622
Maldives,Balance2017,-8342
Maldives,Balance2018,-8821
Maldives,Balance2019,-10023
Maldives,Balance2020,-4279
Maldives,Exported2020,116
Maldives,Imported2020,4395
Rwanda,Balance2016,-6636
Rwanda,Balance2017,-7217
Rwanda,Balance2018,-8794
Rwanda,Balance2019,-6493
Rwanda,Balance2020,-4588
Rwanda,Exported2020,257
Rwanda,Imported2020,4845
Tanzania,Balance2016,5561
Tanzania,Balance2017,9372
Tanzania,Balance2018,51976
Tanzania,Balance2019,-4986
Tanzania,Balance2020,-4652
Tanzania,Exported2020,7783
Tanzania,Imported2020,12435
Curaçao,Balance2016,
Curaçao,Balance2017,-5011
Curaçao,Balance2018,-5672
Curaçao,Balance2019,-5211
Curaçao,Balance2020,-5223
Curaçao,Exported2020,454
Curaçao,Imported2020,5677
Eswatini,Balance2016,-4677
Eswatini,Balance2017,-7211
Eswatini,Balance2018,-7423
Eswatini,Balance2019,-6550
Eswatini,Balance2020,-5752
Eswatini,Exported2020,36
Eswatini,Imported2020,5788
Zimbabwe,Balance2016,-9125
Zimbabwe,Balance2017,-7534
Zimbabwe,Balance2018,-7937
Zimbabwe,Balance2019,-2765
Zimbabwe,Balance2020,-5900
Zimbabwe,Exported2020,8
Zimbabwe,Imported2020,5908
Ethiopia,Balance2016,-8452
Ethiopia,Balance2017,-10685
Ethiopia,Balance2018,-8959
Ethiopia,Balance2019,-9350
Ethiopia,Balance2020,-5929
Ethiopia,Exported2020,11
Ethiopia,Imported2020,5940
Cameroon,Balance2016,4944
Cameroon,Balance2017,2782
Cameroon,Balance2018,2775
Cameroon,Balance2019,-4619
Cameroon,Balance2020,-6157
Cameroon,Exported2020,514
Cameroon,Imported2020,6671
Pakistan,Balance2016,-14504
Pakistan,Balance2017,-18208
Pakistan,Balance2018,-20022
Pakistan,Balance2019,-13403
Pakistan,Balance2020,-6341
Pakistan,Exported2020,13084
Pakistan,Imported2020,19425
Sudan,Balance2016,-6031
Sudan,Balance2017,-7805
Sudan,Balance2018,-7031
Sudan,Balance2019,-9237
Sudan,Balance2020,-6367
Sudan,Exported2020,37
Sudan,Imported2020,6404
Zambia,Balance2016,-5844
Zambia,Balance2017,-6737
Zambia,Balance2018,-7742
Zambia,Balance2019,-7271
Zambia,Balance2020,-6508
Zambia,Exported2020,626
Zambia,Imported2020,7134
Bulgaria,Balance2016,-22040
Bulgaria,Balance2017,-16283
Bulgaria,Balance2018,-30865
Bulgaria,Balance2019,-30520
Bulgaria,Balance2020,-6518
Bulgaria,Exported2020,73786
Bulgaria,Imported2020,80304
Venezuela,Balance2016,-10451
Venezuela,Balance2017,-6059
Venezuela,Balance2018,-1779
Venezuela,Balance2019,-2556
Venezuela,Balance2020,-6880
Venezuela,Exported2020,76
Venezuela,Imported2020,6956
New Caledonia,Balance2016,-6956
New Caledonia,Balance2017,-6379
New Caledonia,Balance2018,-7380
New Caledonia,Balance2019,-6758
New Caledonia,Balance2020,-6945
New Caledonia,Exported2020,17
New Caledonia,Imported2020,6962
Haiti,Balance2016,-8399
Haiti,Balance2017,-4534
Haiti,Balance2018,-8405
Haiti,Balance2019,-4922
Haiti,Balance2020,-7295
Haiti,Exported2020,93
Haiti,Imported2020,7388
Mali,Balance2016,-5803
Mali,Balance2017,-6091
Mali,Balance2018,-7671
Mali,Balance2019,-9768
Mali,Balance2020,-7730
Mali,Exported2020,46
Mali,Imported2020,7776
Latvia,Balance2016,-11949
Latvia,Balance2017,-16955
Latvia,Balance2018,-9041
Latvia,Balance2019,-12957
Latvia,Balance2020,-7866
Latvia,Exported2020,60793
Latvia,Imported2020,68659
Yemen,Balance2016,-7050
Yemen,Balance2017,-12659
Yemen,Balance2018,-15955
Yemen,Balance2019,-18812
Yemen,Balance2020,-9131
Yemen,Exported2020,2
Yemen,Imported2020,9133
Ghana,Balance2016,19371
Ghana,Balance2017,39075
Ghana,Balance2018,-7380
Ghana,Balance2019,-5829
Ghana,Balance2020,-10395
Ghana,Exported2020,2419
Ghana,Imported2020,12814
Trinidad and Tobago,Balance2016,-15345
Trinidad and Tobago,Balance2017,-16312
Trinidad and Tobago,Balance2018,-14100
Trinidad and Tobago,Balance2019,-15315
Trinidad and Tobago,Balance2020,-10549
Trinidad and Tobago,Exported2020,602
Trinidad and Tobago,Imported2020,11151
Brunei Darussalam,Balance2016,-6516
Brunei Darussalam,Balance2017,-6398
Brunei Darussalam,Balance2018,-6656
Brunei Darussalam,Balance2019,-6737
Brunei Darussalam,Balance2020,-10799
Brunei Darussalam,Exported2020,182
Brunei Darussalam,Imported2020,10981
Angola,Balance2016,-11928
Angola,Balance2017,-16589
Angola,Balance2018,-13983
Angola,Balance2019,-11345
Angola,Balance2020,-10862
Angola,Exported2020,55
Angola,Imported2020,10917
Malta,Balance2016,-8930
Malta,Balance2017,-9003
Malta,Balance2018,-10353
Malta,Balance2019,-12315
Malta,Balance2020,-10865
Malta,Exported2020,2387
Malta,Imported2020,13252
Kyrgyzstan,Balance2016,-11598
Kyrgyzstan,Balance2017,-17891
Kyrgyzstan,Balance2018,-21129
Kyrgyzstan,Balance2019,-3550
Kyrgyzstan,Balance2020,-11618
Kyrgyzstan,Exported2020,844
Kyrgyzstan,Imported2020,12462
Iran,Balance2016,-84800
Iran,Balance2017,-120307
Iran,Balance2018,-79945
Iran,Balance2019,-55002
Iran,Balance2020,-11664
Iran,Exported2020,1210
Iran,Imported2020,12874
Montenegro,Balance2016,-14120
Montenegro,Balance2017,-13598
Montenegro,Balance2018,-13454
Montenegro,Balance2019,-14046
Montenegro,Balance2020,-12594
Montenegro,Exported2020,360
Montenegro,Imported2020,12954
Macedonia,Balance2016,-10249
Macedonia,Balance2017,-12068
Macedonia,Balance2018,-12095
Macedonia,Balance2019,-13917
Macedonia,Balance2020,-12610
Macedonia,Exported2020,4365
Macedonia,Imported2020,16975
Egypt,Balance2016,-30002
Egypt,Balance2017,-34914
Egypt,Balance2018,-25506
Egypt,Balance2019,-42686
Egypt,Balance2020,-12633
Egypt,Exported2020,24257
Egypt,Imported2020,36890
Iceland,Balance2016,-14338
Iceland,Balance2017,-14553
Iceland,Balance2018,-10350
Iceland,Balance2019,-10782
Iceland,Balance2020,-13164
Iceland,Exported2020,10438
Albania,Balance2016,-12419
Algeria,Balance2016,-52438
American Samoa,Balance2016,-36
Andorra,Balance2016,-24651
Argentina,Balance2016,-37545
Armenia,Balance2016,-12295
Australia,Balance2016,-383812
Austria,Balance2016,-263348
Azerbaijan,Balance2016,-20254
Bahrain,Balance2016,-44623
Bangladesh,Balance2016,-23553
Belarus,Balance2016,-12984
Belgium,Balance2016,76660
Bolivia,Balance2016,-33357
Bosnia and Herzegovina,Balance2016,-37481
Botswana,Balance2016,-22465
Brazil,Balance2016,-62028
British Indian Ocean Territory,Balance2016,-105
Cambodia,Balance2016,-21381
Canada,Balance2016,-342015
Chile,Balance2016,-126036
China,Balance2016,-2311931
Cocos (Keeling) Islands,Balance2016,
Costa Rica,Balance2016,-53605
Croatia,Balance2016,-48514
Cyprus,Balance2016,-46343
Denmark,Balance2016,-71895
Dominican Republic,Balance2016,-24120
Ecuador,Balance2016,-66969
El Salvador,Balance2016,-42340
Estonia,Balance2016,-30456
Finland,Balance2016,-78968
Georgia,Balance2016,-20957
Greece,Balance2016,-56617
Guatemala,Balance2016,-26690
Guinea,Balance2016,-1443
Honduras,Balance2016,-25995
"Hong Kong, China",Balance2016,-2072514
Hungary,Balance2016,-12044
Indonesia,Balance2016,-45356
Iraq,Balance2016,-52976
Ireland,Balance2016,-161695
Jordan,Balance2016,-23717
Kazakhstan,Balance2016,-66945
Kuwait,Balance2016,-199796
Lao PDR,Balance2016,-3404
Libya,Balance2016,-24972
Lithuania,Balance2016,-37435
"Macao, China",Balance2016,-354186
Malaysia,Balance2016,-186948
Mauritius,Balance2016,-17752
Mexico,Balance2016,-207475
Moldova,Balance2016,-13810
Mongolia,Balance2016,-12750
Morocco,Balance2016,-53591
Myanmar,Balance2016,-55948
Namibia,Balance2016,-31087
Nepal,Balance2016,-37256
New Zealand,Balance2016,-64876
Nicaragua,Balance2016,-22902
Nigeria,Balance2016,-16893
Norway,Balance2016,-257496
Oman,Balance2016,-62116
Panama,Balance2016,-7259
Paraguay,Balance2016,-16104
Peru,Balance2016,-61395
Philippines,Balance2016,-28936
Pitcairn,Balance2016,
Portugal,Balance2016,-199291
Qatar,Balance2016,
Romania,Balance2016,-115886
Russian Federation,Balance2016,-783428
Saudi Arabia,Balance2016,-597153
Serbia,Balance2016,-27603
Slovakia,Balance2016,-86197
Sweden,Balance2016,-169986
Taiwan,Balance2016,-431169
Thailand,Balance2016,-381572
Tunisia,Balance2016,-32959
Turkey,Balance2016,-107666
Ukraine,Balance2016,-120394
United Arab Emirates,Balance2016,-618347
Uruguay,Balance2016,-16180
Uzbekistan,Balance2016,
Viet Nam,Balance2016,-36588
Western Sahara,Balance2016,1
Albania,Balance2017,-10470
Algeria,Balance2017,-32405
American Samoa,Balance2017,-61
Andorra,Balance2017,-23698
Argentina,Balance2017,-67335
Armenia,Balance2017,-15225
Australia,Balance2017,-344005
Austria,Balance2017,-261522
Azerbaijan,Balance2017,-24570
Bahrain,Balance2017,-47306
Bangladesh,Balance2017,-25886
Belarus,Balance2017,-20950
Belgium,Balance2017,93768
Bolivia,Balance2017,-32806
Bosnia and Herzegovina,Balance2017,-39132
Botswana,Balance2017,-21064
Brazil,Balance2017,-85590
British Indian Ocean Territory,Balance2017,-108
Cambodia,Balance2017,-29060
Canada,Balance2017,-456984
Chile,Balance2017,-144004
China,Balance2017,-3762257
Cocos (Keeling) Islands,Balance2017,1
Costa Rica,Balance2017,-54004
Croatia,Balance2017,-49179
Cyprus,Balance2017,-50186
Denmark,Balance2017,-82997
Dominican Republic,Balance2017,-32870
Ecuador,Balance2017,-86349
El Salvador,Balance2017,-40789
Estonia,Balance2017,-19980
Finland,Balance2017,-91013
Georgia,Balance2017,-24068
Greece,Balance2017,-60445
Guatemala,Balance2017,-30407
Guinea,Balance2017,-21112
Honduras,Balance2017,-25410
"Hong Kong, China",Balance2017,-2180906
Hungary,Balance2017,-16411
Indonesia,Balance2017,-97545
Iraq,Balance2017,-76011
Ireland,Balance2017,-182555
Jordan,Balance2017,-24368
Kazakhstan,Balance2017,-88520
Kuwait,Balance2017,-209704
Lao PDR,Balance2017,-5339
Libya,Balance2017,
Lithuania,Balance2017,-42929
"Macao, China",Balance2017,
Malaysia,Balance2017,-289770
Mauritius,Balance2017,-18085
Mexico,Balance2017,-290394
Moldova,Balance2017,-16385
Mongolia,Balance2017,-17036
Morocco,Balance2017,-52221
Myanmar,Balance2017,-60278
Namibia,Balance2017,-35214
Nepal,Balance2017,-31170
New Zealand,Balance2017,-77548
Nicaragua,Balance2017,-23027
Nigeria,Balance2017,-14422
Norway,Balance2017,-283068
Oman,Balance2017,-66303
Panama,Balance2017,-12468
Paraguay,Balance2017,-26290
Peru,Balance2017,-76104
Philippines,Balance2017,-86121
Pitcairn,Balance2017,1
Portugal,Balance2017,-211830
Qatar,Balance2017,-159227
Romania,Balance2017,-143926
Russian Federation,Balance2017,-919885
Saudi Arabia,Balance2017,-544542
Serbia,Balance2017,-37475
Slovakia,Balance2017,-93274
Sweden,Balance2017,-201348
Taiwan,Balance2017,-350280
Thailand,Balance2017,-433266
Tunisia,Balance2017,-35788
Turkey,Balance2017,-125444
Ukraine,Balance2017,-126906
United Arab Emirates,Balance2017,-527388
Uruguay,Balance2017,-18140
Uzbekistan,Balance2017,-6253
Viet Nam,Balance2017,-50690
Western Sahara,Balance2017,4
Albania,Balance2018,-13950
Algeria,Balance2018,-41948
American Samoa,Balance2018,-4
Andorra,Balance2018,-25483
Argentina,Balance2018,-69952
Armenia,Balance2018,-14926
Australia,Balance2018,-431742
Austria,Balance2018,-268067
Azerbaijan,Balance2018,-27223
Bahrain,Balance2018,-55111
Bangladesh,Balance2018,-30469
Belarus,Balance2018,-24208
Belgium,Balance2018,-72293
Bolivia,Balance2018,-32664
Bosnia and Herzegovina,Balance2018,-44683
Botswana,Balance2018,-22939
Brazil,Balance2018,-98875
British Indian Ocean Territory,Balance2018,
Cambodia,Balance2018,-52167
Canada,Balance2018,-375889
Chile,Balance2018,-157432
China,Balance2018,-7436089
Cocos (Keeling) Islands,Balance2018,1
Costa Rica,Balance2018,-53704
Croatia,Balance2018,-58361
Cyprus,Balance2018,-54627
Denmark,Balance2018,-80901
Dominican Republic,Balance2018,-35031
Ecuador,Balance2018,-93713
El Salvador,Balance2018,-42333
Estonia,Balance2018,-22268
Finland,Balance2018,-103976
Georgia,Balance2018,-23195
Greece,Balance2018,-65139
Guatemala,Balance2018,-35411
Guinea,Balance2018,-24678
Honduras,Balance2018,-24822
"Hong Kong, China",Balance2018,-2787195
Hungary,Balance2018,-7053
Indonesia,Balance2018,-206336
Iraq,Balance2018,-87365
Ireland,Balance2018,-207876
Jordan,Balance2018,-20783
Kazakhstan,Balance2018,-97247
Kuwait,Balance2018,-252362
Lao PDR,Balance2018,-1539
Libya,Balance2018,-30601
Lithuania,Balance2018,-35737
"Macao, China",Balance2018,-562730
Malaysia,Balance2018,-306389
Mauritius,Balance2018,-19662
Mexico,Balance2018,-300920
Moldova,Balance2018,-19050
Mongolia,Balance2018,-19148
Morocco,Balance2018,-65235
Myanmar,Balance2018,-65395
Namibia,Balance2018,-36929
Nepal,Balance2018,-36052
New Zealand,Balance2018,-100925
Nicaragua,Balance2018,-19662
Nigeria,Balance2018,-10125
Norway,Balance2018,-305377
Oman,Balance2018,-69946
Panama,Balance2018,-63949
Paraguay,Balance2018,-27648
Peru,Balance2018,-81758
Philippines,Balance2018,-120237
Pitcairn,Balance2018,
Portugal,Balance2018,-236807
Qatar,Balance2018,-163696
Romania,Balance2018,-170039
Russian Federation,Balance2018,-1017374
Saudi Arabia,Balance2018,-573683
Serbia,Balance2018,-38860
Slovakia,Balance2018,-116688
Sweden,Balance2018,-190921
Taiwan,Balance2018,-410962
Thailand,Balance2018,-412637
Tunisia,Balance2018,-29109
Turkey,Balance2018,-116518
Ukraine,Balance2018,-155971
United Arab Emirates,Balance2018,42978
Uruguay,Balance2018,-19557
Uzbekistan,Balance2018,-7364
Viet Nam,Balance2018,-69490
Western Sahara,Balance2018,2
Albania,Balance2019,-12788
Algeria,Balance2019,-83711
American Samoa,Balance2019,-2
Andorra,Balance2019,-27827
Argentina,Balance2019,-56016
Armenia,Balance2019,-16327
Australia,Balance2019,-372547
Austria,Balance2019,-233897
Azerbaijan,Balance2019,-29406
Bahrain,Balance2019,-52828
Bangladesh,Balance2019,-39324
Belarus,Balance2019,-23036
Belgium,Balance2019,-133309
Bolivia,Balance2019,-31171
Bosnia and Herzegovina,Balance2019,-44771
Botswana,Balance2019,-27923
Brazil,Balance2019,-113698
British Indian Ocean Territory,Balance2019,4
Cambodia,Balance2019,-35500
Canada,Balance2019,-373509
Chile,Balance2019,-164030
China,Balance2019,-10456327
Cocos (Keeling) Islands,Balance2019,7
Costa Rica,Balance2019,-54607
Croatia,Balance2019,-54830
Cyprus,Balance2019,-44112
Denmark,Balance2019,-90058
Dominican Republic,Balance2019,-34882
Ecuador,Balance2019,-98263
El Salvador,Balance2019,-42629
Estonia,Balance2019,-29111
Finland,Balance2019,-98198
Georgia,Balance2019,-30477
Greece,Balance2019,-61874
Guatemala,Balance2019,-36054
Guinea,Balance2019,-25937
Honduras,Balance2019,-26436
"Hong Kong, China",Balance2019,-1910868
Hungary,Balance2019,-44865
Indonesia,Balance2019,-235350
Iraq,Balance2019,-113756
Ireland,Balance2019,-190094
Jordan,Balance2019,-31955
Kazakhstan,Balance2019,-113123
Kuwait,Balance2019,-255132
Lao PDR,Balance2019,-3409
Libya,Balance2019,-35160
Lithuania,Balance2019,-40431
"Macao, China",Balance2019,-826934
Malaysia,Balance2019,-330923
Mauritius,Balance2019,-19703
Mexico,Balance2019,-284805
Moldova,Balance2019,-21621
Mongolia,Balance2019,-19660
Morocco,Balance2019,-64473
Myanmar,Balance2019,-63919
Namibia,Balance2019,-34879
Nepal,Balance2019,-38704
New Zealand,Balance2019,-130980
Nicaragua,Balance2019,-18407
Nigeria,Balance2019,-9628
Norway,Balance2019,-257558
Oman,Balance2019,-113419
Panama,Balance2019,-80188
Paraguay,Balance2019,-25417
Peru,Balance2019,-105953
Philippines,Balance2019,-151622
Pitcairn,Balance2019,-5
Portugal,Balance2019,-240197
Qatar,Balance2019,-156062
Romania,Balance2019,-171864
Russian Federation,Balance2019,-1046200
Saudi Arabia,Balance2019,-671428
Serbia,Balance2019,-40403
Slovakia,Balance2019,-107552
Sweden,Balance2019,-202498
Taiwan,Balance2019,-466635
Thailand,Balance2019,-140816
Tunisia,Balance2019,-25703
Turkey,Balance2019,-99120
Ukraine,Balance2019,-186065
United Arab Emirates,Balance2019,160910
Uruguay,Balance2019,-17487
Uzbekistan,Balance2019,-11830
Viet Nam,Balance2019,-78524
Western Sahara,Balance2019,
Albania,Balance2020,-17955
Algeria,Balance2020,-59002
American Samoa,Balance2020,
Andorra,Balance2020,-23817
Argentina,Balance2020,-41276
Armenia,Balance2020,-19376
Australia,Balance2020,-275268
Austria,Balance2020,-204718
Azerbaijan,Balance2020,-26216
Bahrain,Balance2020,-14578
Bangladesh,Balance2020,-28321
Belarus,Balance2020,-19245
Belgium,Balance2020,-60821
Bolivia,Balance2020,-23743
Bosnia and Herzegovina,Balance2020,-38232
Botswana,Balance2020,-27655
Brazil,Balance2020,-84526
British Indian Ocean Territory,Balance2020,
Cambodia,Balance2020,-16720
Canada,Balance2020,-342795
Chile,Balance2020,-144608
China,Balance2020,-15158184
Cocos (Keeling) Islands,Balance2020,
Costa Rica,Balance2020,-45232
Croatia,Balance2020,-55274
Cyprus,Balance2020,-34554
Denmark,Balance2020,-39048
Dominican Republic,Balance2020,-15965
Ecuador,Balance2020,-68264
El Salvador,Balance2020,-29440
Estonia,Balance2020,-13681
Finland,Balance2020,-101250
Georgia,Balance2020,-30504
Greece,Balance2020,-33751
Guatemala,Balance2020,-31457
Guinea,Balance2020,-15332
Honduras,Balance2020,-17493
"Hong Kong, China",Balance2020,-3157707
Hungary,Balance2020,-55018
Indonesia,Balance2020,-147262
Iraq,Balance2020,-70659
Ireland,Balance2020,-156082
Jordan,Balance2020,-28144
Kazakhstan,Balance2020,-110052
Kuwait,Balance2020,-104426
Lao PDR,Balance2020,-30293
Libya,Balance2020,-23482
Lithuania,Balance2020,-33555
"Macao, China",Balance2020,-2314816
Malaysia,Balance2020,-229413
Mauritius,Balance2020,-14210
Mexico,Balance2020,-154148
Moldova,Balance2020,-18439
Mongolia,Balance2020,-23605
Morocco,Balance2020,-68669
Myanmar,Balance2020,-39495
Namibia,Balance2020,-28838
Nepal,Balance2020,-21957
New Zealand,Balance2020,-128531
Nicaragua,Balance2020,-15528
Nigeria,Balance2020,-36444
Norway,Balance2020,-265803
Oman,Balance2020,-17140
Panama,Balance2020,-71503
Paraguay,Balance2020,-17283
Peru,Balance2020,-80300
Philippines,Balance2020,-106338
Pitcairn,Balance2020,
Portugal,Balance2020,-179796
Qatar,Balance2020,-116880
Romania,Balance2020,-189259
Russian Federation,Balance2020,-761539
Saudi Arabia,Balance2020,-594463
Serbia,Balance2020,-41968
Slovakia,Balance2020,-114313
Sweden,Balance2020,-164418
Taiwan,Balance2020,-439556
Thailand,Balance2020,-28827
Tunisia,Balance2020,-24934
Turkey,Balance2020,-41366
Ukraine,Balance2020,-172682
United Arab Emirates,Balance2020,-378208
Uruguay,Balance2020,-16554
Uzbekistan,Balance2020,-14464
Viet Nam,Balance2020,-82855
Western Sahara,Balance2020,
Albania,Exported2020,984
Algeria,Exported2020,80
American Samoa,Exported2020,
Andorra,Exported2020,316
Argentina,Exported2020,56788
Armenia,Exported2020,903
Australia,Exported2020,512963
Austria,Exported2020,227454
Azerbaijan,Exported2020,38
Bahrain,Exported2020,78
Bangladesh,Exported2020,401
Belarus,Exported2020,58566
Belgium,Exported2020,1094545
Bolivia,Exported2020,5
Bosnia and Herzegovina,Exported2020,1546
Botswana,Exported2020,99
Brazil,Exported2020,78632
British Indian Ocean Territory,Exported2020,
Cambodia,Exported2020,1646
Canada,Exported2020,1065430
Chile,Exported2020,30355
China,Exported2020,2177567
Cocos (Keeling) Islands,Exported2020,
Costa Rica,Exported2020,6634
Croatia,Exported2020,97074
Cyprus,Exported2020,8103
Denmark,Exported2020,283190
Dominican Republic,Exported2020,25249
Ecuador,Exported2020,715
El Salvador,Exported2020,1697
Estonia,Exported2020,56047
Finland,Exported2020,35479
Georgia,Exported2020,1191
Greece,Exported2020,180177
Guatemala,Exported2020,23106
Guinea,Exported2020,35
Honduras,Exported2020,225
"Hong Kong, China",Exported2020,4076475
Hungary,Exported2020,175771
Indonesia,Exported2020,109872
Iraq,Exported2020,80
Ireland,Exported2020,136044
Jordan,Exported2020,20778
Kazakhstan,Exported2020,2231
Kuwait,Exported2020,5422
Lao PDR,Exported2020,40
Libya,Exported2020,28
Lithuania,Exported2020,161998
"Macao, China",Exported2020,43679
Malaysia,Exported2020,119755
Mauritius,Exported2020,261
Mexico,Exported2020,325158
Moldova,Exported2020,2317
Mongolia,Exported2020,297
Morocco,Exported2020,18808
Myanmar,Exported2020,944
Namibia,Exported2020,489
Nepal,Exported2020,110
New Zealand,Exported2020,66008
Nicaragua,Exported2020,161
Nigeria,Exported2020,362
Norway,Exported2020,35428
Oman,Exported2020,42
Panama,Exported2020,13758
Paraguay,Exported2020,730
Peru,Exported2020,13325
Philippines,Exported2020,23604
Pitcairn,Exported2020,
Portugal,Exported2020,55768
Qatar,Exported2020,689
Romania,Exported2020,41337
Russian Federation,Exported2020,254050
Saudi Arabia,Exported2020,2131
Serbia,Exported2020,25838
Slovakia,Exported2020,64496
Sweden,Exported2020,274389
Taiwan,Exported2020,411688
Thailand,Exported2020,586503
Tunisia,Exported2020,8686
Turkey,Exported2020,214315
Ukraine,Exported2020,38730
United Arab Emirates,Exported2020,160550
Uruguay,Exported2020,393
Uzbekistan,Exported2020,186
Viet Nam,Exported2020,92770
Western Sahara,Exported2020,
Albania,Imported2020,18939
Algeria,Imported2020,59082
American Samoa,Imported2020,
Andorra,Imported2020,24133
Argentina,Imported2020,98064
Armenia,Imported2020,20279
Australia,Imported2020,788231
Austria,Imported2020,432172
Azerbaijan,Imported2020,26254
Bahrain,Imported2020,14656
Bangladesh,Imported2020,28722
Belarus,Imported2020,77811
Belgium,Imported2020,1155366
Bolivia,Imported2020,23748
Bosnia and Herzegovina,Imported2020,39778
Botswana,Imported2020,27754
Brazil,Imported2020,163158
British Indian Ocean Territory,Imported2020,
Cambodia,Imported2020,18366
Canada,Imported2020,1408225
Chile,Imported2020,174963
China,Imported2020,17335751
Cocos (Keeling) Islands,Imported2020,
Costa Rica,Imported2020,51866
Croatia,Imported2020,152348
Cyprus,Imported2020,42657
Denmark,Imported2020,322238
Dominican Republic,Imported2020,41214
Ecuador,Imported2020,68979
El Salvador,Imported2020,31137
Estonia,Imported2020,69728
Finland,Imported2020,136729
Georgia,Imported2020,31695
Greece,Imported2020,213928
Guatemala,Imported2020,54563
Guinea,Imported2020,15367
Honduras,Imported2020,17718
"Hong Kong, China",Imported2020,7234182
Hungary,Imported2020,230789
Iceland,Imported2020,23602
Indonesia,Imported2020,257134
Iraq,Imported2020,70739
Ireland,Imported2020,292126
Jordan,Imported2020,48922
Kazakhstan,Imported2020,112283
Kuwait,Imported2020,109848
Lao PDR,Imported2020,30333
Libya,Imported2020,23510
Lithuania,Imported2020,195553
"Macao, China",Imported2020,2358495
Malaysia,Imported2020,349168
Mauritius,Imported2020,14471
Mexico,Imported2020,479306
Moldova,Imported2020,20756
Mongolia,Imported2020,23902
Morocco,Imported2020,87477
Myanmar,Imported2020,40439
Namibia,Imported2020,29327
Nepal,Imported2020,22067
New Zealand,Imported2020,194539
Nicaragua,Imported2020,15689
Nigeria,Imported2020,36806
Norway,Imported2020,301231
Oman,Imported2020,17182
Panama,Imported2020,85261
Paraguay,Imported2020,18013
Peru,Imported2020,93625
Philippines,Imported2020,129942
Pitcairn,Imported2020,
Portugal,Imported2020,235564
Qatar,Imported2020,117569
Romania,Imported2020,230596
Russian Federation,Imported2020,1015589
Saudi Arabia,Imported2020,596594
Serbia,Imported2020,67806
Slovakia,Imported2020,178809
Sweden,Imported2020,438807
Taiwan,Imported2020,851244
Thailand,Imported2020,615330
Tunisia,Imported2020,33620
Turkey,Imported2020,255681
Ukraine,Imported2020,211412
United Arab Emirates,Imported2020,538758
Uruguay,Imported2020,16947
Uzbekistan,Imported2020,14650
Viet Nam,Imported2020,175625
Western Sahara,Imported2020,
