Country,Type,Amount
World,Balance2016,-136103000
World,Balance2017,669973000
World,Balance2018,621599000
World,Balance2019,906406000
World,Balance2020,-3479041000
World,Exported2020,60484795000
World,Imported2020,63963836000
France,Balance2016,5772428000
France,Balance2017,6826712000
France,Balance2018,7623363000
France,Balance2019,7982568000
France,Balance2020,7249903000
France,Exported2020,8950761000
France,Imported2020,1700858000
Republic of Korea,Balance2016,2491548000
Republic of Korea,Balance2017,2913895000
Republic of Korea,Balance2018,3859659000
Republic of Korea,Balance2019,4289310000
Republic of Korea,Balance2020,5232173000
Republic of Korea,Exported2020,6115434000
Republic of Korea,Imported2020,883261000
Japan,Balance2016,822642000
Japan,Balance2017,1393379000
Japan,Balance2018,2508248000
Japan,Balance2019,2887906000
Japan,Balance2020,3872159000
Japan,Exported2020,5260979000
Japan,Imported2020,1388820000
Singapore,Balance2016,1104503000
Singapore,Balance2017,1655255000
Singapore,Balance2018,2324770000
Singapore,Balance2019,3053634000
Singapore,Balance2020,3341770000
Singapore,Exported2020,6236091000
Singapore,Imported2020,2894321000
Germany,Balance2016,982899000
Germany,Balance2017,963356000
Germany,Balance2018,1159084000
Germany,Balance2019,1214765000
Germany,Balance2020,1175327000
Germany,Exported2020,3361866000
Germany,Imported2020,2186539000
Switzerland,Balance2016,369003000
Switzerland,Balance2017,585777000
Switzerland,Balance2018,870932000
Switzerland,Balance2019,929276000
Switzerland,Balance2020,1106649000
Switzerland,Exported2020,1638189000
Switzerland,Imported2020,531540000
Poland,Balance2016,562308000
Poland,Balance2017,523036000
Poland,Balance2018,789372000
Poland,Balance2019,775721000
Poland,Balance2020,933821000
Poland,Exported2020,1954336000
Poland,Imported2020,1020515000
Italy,Balance2016,818466000
Italy,Balance2017,922167000
Italy,Balance2018,1137071000
Italy,Balance2019,1107364000
Italy,Balance2020,823764000
Italy,Exported2020,1828187000
Italy,Imported2020,1004423000
United States,Balance2016,122241000
United States,Balance2017,417444000
United States,Balance2018,425832000
United States,Balance2019,987572000
United States,Balance2020,593531000
United States,Exported2020,5081837000
United States,Imported2020,4488306000
Spain,Balance2016,-144771000
Spain,Balance2017,-109223000
Spain,Balance2018,-21323000
Spain,Balance2019,22184000
Spain,Balance2020,134975000
Spain,Exported2020,1104431000
Spain,Imported2020,969456000
Israel,Balance2016,85161000
Israel,Balance2017,121827000
Israel,Balance2018,136284000
Israel,Balance2019,124831000
Israel,Balance2020,125453000
Israel,Exported2020,249780000
Israel,Imported2020,124327000
South Africa,Balance2016,49891000
South Africa,Balance2017,62320000
South Africa,Balance2018,64619000
South Africa,Balance2019,38906000
South Africa,Balance2020,115636000
South Africa,Exported2020,270332000
South Africa,Imported2020,154696000
Netherlands,Balance2016,-148458000
Netherlands,Balance2017,-21087000
Netherlands,Balance2018,36904000
Netherlands,Balance2019,71899000
Netherlands,Balance2020,75506000
Netherlands,Exported2020,1083410000
Netherlands,Imported2020,1007904000
Senegal,Balance2016,22092000
Senegal,Balance2017,26939000
Senegal,Balance2018,45040000
Senegal,Balance2019,45273000
Senegal,Balance2020,52732000
Senegal,Exported2020,60069000
Senegal,Imported2020,7337000
United Kingdom,Balance2016,-393400000
United Kingdom,Balance2017,-408891000
United Kingdom,Balance2018,-275635000
United Kingdom,Balance2019,-123275000
United Kingdom,Balance2020,33387000
United Kingdom,Exported2020,2040434000
United Kingdom,Imported2020,2007047000
Czech Republic,Balance2016,-49130000
Czech Republic,Balance2017,-81816000
Czech Republic,Balance2018,-109535000
Czech Republic,Balance2019,-14176000
Czech Republic,Balance2020,27154000
Czech Republic,Exported2020,849309000
Czech Republic,Imported2020,822155000
Côte d'Ivoire,Balance2016,133367000
Côte d'Ivoire,Balance2017,148537000
Côte d'Ivoire,Balance2018,165299000
Côte d'Ivoire,Balance2019,144969000
Côte d'Ivoire,Balance2020,20338000
Côte d'Ivoire,Exported2020,28510000
Côte d'Ivoire,Imported2020,8172000
Colombia,Balance2016,36806000
Colombia,Balance2017,50765000
Colombia,Balance2018,53353000
Colombia,Balance2019,48153000
Colombia,Balance2020,19291000
Colombia,Exported2020,143282000
Colombia,Imported2020,123991000
Luxembourg,Balance2016,19180000
Luxembourg,Balance2017,26414000
Luxembourg,Balance2018,19998000
Luxembourg,Balance2019,16664000
Luxembourg,Balance2020,13326000
Luxembourg,Exported2020,89779000
Luxembourg,Imported2020,76453000
Lebanon,Balance2016,-32350000
Lebanon,Balance2017,-44126000
Lebanon,Balance2018,-42795000
Lebanon,Balance2019,-27906000
Lebanon,Balance2020,11131000
Lebanon,Exported2020,37424000
Lebanon,Imported2020,26293000
India,Balance2016,55014000
India,Balance2017,25491000
India,Balance2018,-20009000
India,Balance2019,-53913000
India,Balance2020,3616000
India,Exported2020,141832000
India,Imported2020,138216000
Kenya,Balance2016,555000
Kenya,Balance2017,1033000
Kenya,Balance2018,940000
Kenya,Balance2019,751000
Kenya,Balance2020,2273000
Kenya,Exported2020,11703000
Kenya,Imported2020,9430000
Free Zones,Balance2016,6793000
Free Zones,Balance2017,9305000
Free Zones,Balance2018,6481000
Free Zones,Balance2019,3766000
Free Zones,Balance2020,1768000
Free Zones,Exported2020,4341000
Free Zones,Imported2020,2573000
Togo,Balance2016,43224000
Togo,Balance2017,48347000
Togo,Balance2018,60258000
Togo,Balance2019,70252000
Togo,Balance2020,1086000
Togo,Exported2020,3371000
Togo,Imported2020,2285000
United States Minor Outlying Islands,Balance2016,-11781000
United States Minor Outlying Islands,Balance2017,-13985000
United States Minor Outlying Islands,Balance2018,-14022000
United States Minor Outlying Islands,Balance2019,-14280000
United States Minor Outlying Islands,Balance2020,815000
United States Minor Outlying Islands,Exported2020,2765000
United States Minor Outlying Islands,Imported2020,1950000
French Southern and Antarctic Territories,Balance2016,-14000
French Southern and Antarctic Territories,Balance2017,-34000
French Southern and Antarctic Territories,Balance2018,-108000
French Southern and Antarctic Territories,Balance2019,-53000
French Southern and Antarctic Territories,Balance2020,249000
French Southern and Antarctic Territories,Exported2020,297000
French Southern and Antarctic Territories,Imported2020,48000
Sint Maarten (Dutch part),Balance2016,-125000
Sint Maarten (Dutch part),Balance2017,-104000
Sint Maarten (Dutch part),Balance2018,-349000
Sint Maarten (Dutch part),Balance2019,-36000
Sint Maarten (Dutch part),Balance2020,52000
Sint Maarten (Dutch part),Exported2020,106000
Sint Maarten (Dutch part),Imported2020,54000
Tokelau,Balance2016,11000
Tokelau,Balance2017,71000
Tokelau,Balance2018,15000
Tokelau,Balance2019,0
Tokelau,Balance2020,19000
Tokelau,Exported2020,19000
Tokelau,Imported2020,
Saint Helena,Balance2016,-13000
Saint Helena,Balance2017,-8000
Saint Helena,Balance2018,-17000
Saint Helena,Balance2019,43000
Saint Helena,Balance2020,2000
Saint Helena,Exported2020,6000
Saint Helena,Imported2020,4000
Tuvalu,Balance2016,-64000
Tuvalu,Balance2017,-1000
Tuvalu,Balance2018,-23000
Tuvalu,Balance2019,-22000
Tuvalu,Balance2020,-1000
Tuvalu,Exported2020,
Tuvalu,Imported2020,1000
Eritrea,Balance2016,-3000
Eritrea,Balance2017,-8000
Eritrea,Balance2018,-75000
Eritrea,Balance2019,-71000
Eritrea,Balance2020,-2000
Eritrea,Exported2020,
Eritrea,Imported2020,2000
Christmas Island,Balance2016,-8000
Christmas Island,Balance2017,-34000
Christmas Island,Balance2018,-36000
Christmas Island,Balance2019,-44000
Christmas Island,Balance2020,-3000
Christmas Island,Exported2020,1000
Christmas Island,Imported2020,4000
Palau,Balance2016,-350000
Palau,Balance2017,-325000
Palau,Balance2018,-300000
Palau,Balance2019,-7000
Palau,Balance2020,-10000
Palau,Exported2020,
Palau,Imported2020,10000
Guam,Balance2016,-183000
Guam,Balance2017,-87000
Guam,Balance2018,-138000
Guam,Balance2019,-137000
Guam,Balance2020,-12000
Guam,Exported2020,
Guam,Imported2020,12000
Montserrat,Balance2016,-11000
Montserrat,Balance2017,-3000
Montserrat,Balance2018,-69000
Montserrat,Balance2019,-1000
Montserrat,Balance2020,-14000
Montserrat,Exported2020,3000
Montserrat,Imported2020,17000
Niue,Balance2016,-9000
Niue,Balance2017,-8000
Niue,Balance2018,-11000
Niue,Balance2019,-10000
Niue,Balance2020,-25000
Niue,Exported2020,
Niue,Imported2020,25000
Marshall Islands,Balance2016,-25000
Marshall Islands,Balance2017,-163000
Marshall Islands,Balance2018,-46000
Marshall Islands,Balance2019,-31000
Marshall Islands,Balance2020,-25000
Marshall Islands,Exported2020,
Marshall Islands,Imported2020,25000
Northern Mariana Islands,Balance2016,-310000
Northern Mariana Islands,Balance2017,-206000
Northern Mariana Islands,Balance2018,-459000
Northern Mariana Islands,Balance2019,-74000
Northern Mariana Islands,Balance2020,-26000
Northern Mariana Islands,Exported2020,
Northern Mariana Islands,Imported2020,26000
Norfolk Island,Balance2016,-64000
Norfolk Island,Balance2017,-9000
Norfolk Island,Balance2018,-15000
Norfolk Island,Balance2019,-24000
Norfolk Island,Balance2020,-26000
Norfolk Island,Exported2020,
Norfolk Island,Imported2020,26000
Wallis and Futuna Islands,Balance2016,-89000
Wallis and Futuna Islands,Balance2017,-62000
Wallis and Futuna Islands,Balance2018,-39000
Wallis and Futuna Islands,Balance2019,-218000
Wallis and Futuna Islands,Balance2020,-32000
Wallis and Futuna Islands,Exported2020,
Wallis and Futuna Islands,Imported2020,32000
Falkland Islands,Balance2016,-46000
Falkland Islands,Balance2017,-41000
Falkland Islands,Balance2018,-21000
Falkland Islands,Balance2019,
Falkland Islands,Balance2020,-43000
Falkland Islands,Exported2020,
Falkland Islands,Imported2020,43000
Nauru,Balance2016,-25000
Nauru,Balance2017,-46000
Nauru,Balance2018,-50000
Nauru,Balance2019,4000
Nauru,Balance2020,-45000
Nauru,Exported2020,
Nauru,Imported2020,45000
Comoros,Balance2016,-61000
Comoros,Balance2017,-60000
Comoros,Balance2018,-69000
Comoros,Balance2019,-73000
Comoros,Balance2020,-59000
Comoros,Exported2020,9000
Comoros,Imported2020,68000
Solomon Islands,Balance2016,-259000
Solomon Islands,Balance2017,-370000
Solomon Islands,Balance2018,-300000
Solomon Islands,Balance2019,-146000
Solomon Islands,Balance2020,-75000
Solomon Islands,Exported2020,1000
Solomon Islands,Imported2020,76000
Central African Republic,Balance2016,-1000
Central African Republic,Balance2017,-157000
Central African Republic,Balance2018,-86000
Central African Republic,Balance2019,-101000
Central African Republic,Balance2020,-79000
Central African Republic,Exported2020,
Central African Republic,Imported2020,79000
Tonga,Balance2016,-2880000
Tonga,Balance2017,-134000
Tonga,Balance2018,-153000
Tonga,Balance2019,-127000
Tonga,Balance2020,-86000
Tonga,Exported2020,1000
Tonga,Imported2020,87000
Sao Tome and Principe,Balance2016,-129000
Sao Tome and Principe,Balance2017,-125000
Sao Tome and Principe,Balance2018,-135000
Sao Tome and Principe,Balance2019,-104000
Sao Tome and Principe,Balance2020,-108000
Sao Tome and Principe,Exported2020,1000
Sao Tome and Principe,Imported2020,109000
Cook Islands,Balance2016,-347000
Cook Islands,Balance2017,44000
Cook Islands,Balance2018,-382000
Cook Islands,Balance2019,-203000
Cook Islands,Balance2020,-111000
Cook Islands,Exported2020,7000
Cook Islands,Imported2020,118000
Federated States of Micronesia,Balance2016,0
Federated States of Micronesia,Balance2017,-1000
Federated States of Micronesia,Balance2018,-21000
Federated States of Micronesia,Balance2019,-41000
Federated States of Micronesia,Balance2020,-122000
Federated States of Micronesia,Exported2020,4000
Federated States of Micronesia,Imported2020,126000
Saint Kitts and Nevis,Balance2016,-817000
Saint Kitts and Nevis,Balance2017,-714000
Saint Kitts and Nevis,Balance2018,-134000
Saint Kitts and Nevis,Balance2019,-379000
Saint Kitts and Nevis,Balance2020,-130000
Saint Kitts and Nevis,Exported2020,2000
Saint Kitts and Nevis,Imported2020,132000
Anguilla,Balance2016,-906000
Anguilla,Balance2017,-561000
Anguilla,Balance2018,-326000
Anguilla,Balance2019,-213000
Anguilla,Balance2020,-131000
Anguilla,Exported2020,1000
Anguilla,Imported2020,132000
British Virgin Islands,Balance2016,-1015000
British Virgin Islands,Balance2017,-839000
British Virgin Islands,Balance2018,-828000
British Virgin Islands,Balance2019,37000
British Virgin Islands,Balance2020,-136000
British Virgin Islands,Exported2020,758000
British Virgin Islands,Imported2020,894000
St. Pierre and Miquelon,Balance2016,-170000
St. Pierre and Miquelon,Balance2017,-162000
St. Pierre and Miquelon,Balance2018,-196000
St. Pierre and Miquelon,Balance2019,-123000
St. Pierre and Miquelon,Balance2020,-150000
St. Pierre and Miquelon,Exported2020,
St. Pierre and Miquelon,Imported2020,150000
Dominica,Balance2016,-254000
Dominica,Balance2017,-43000
Dominica,Balance2018,-112000
Dominica,Balance2019,-280000
Dominica,Balance2020,-160000
Dominica,Exported2020,1000
Dominica,Imported2020,161000
Saint Vincent and the Grenadines,Balance2016,-726000
Saint Vincent and the Grenadines,Balance2017,-624000
Saint Vincent and the Grenadines,Balance2018,-709000
Saint Vincent and the Grenadines,Balance2019,-672000
Saint Vincent and the Grenadines,Balance2020,-192000
Saint Vincent and the Grenadines,Exported2020,1000
Saint Vincent and the Grenadines,Imported2020,193000
Turks and Caicos Islands,Balance2016,-409000
Turks and Caicos Islands,Balance2017,-273000
Turks and Caicos Islands,Balance2018,-374000
Turks and Caicos Islands,Balance2019,-432000
Turks and Caicos Islands,Balance2020,-206000
Turks and Caicos Islands,Exported2020,54000
Turks and Caicos Islands,Imported2020,260000
Vanuatu,Balance2016,-290000
Vanuatu,Balance2017,-48000
Vanuatu,Balance2018,-12000
Vanuatu,Balance2019,-259000
Vanuatu,Balance2020,-212000
Vanuatu,Exported2020,58000
Vanuatu,Imported2020,270000
Gambia,Balance2016,-86000
Gambia,Balance2017,-91000
Gambia,Balance2018,-164000
Gambia,Balance2019,-103000
Gambia,Balance2020,-235000
Gambia,Exported2020,
Gambia,Imported2020,235000
Liberia,Balance2016,
Liberia,Balance2017,-574000
Liberia,Balance2018,-2998000
Liberia,Balance2019,-2400000
Liberia,Balance2020,-270000
Liberia,Exported2020,2000
Liberia,Imported2020,272000
Demo. Rep. Korea,Balance2016,-3542000
Demo. Rep. Korea,Balance2017,-2520000
Demo. Rep. Korea,Balance2018,-3323000
Demo. Rep. Korea,Balance2019,-3421000
Demo. Rep. Korea,Balance2020,-287000
Demo. Rep. Korea,Exported2020,314000
Demo. Rep. Korea,Imported2020,601000
Kiribati,Balance2016,-70000
Kiribati,Balance2017,-90000
Kiribati,Balance2018,-167000
Kiribati,Balance2019,-139000
Kiribati,Balance2020,-361000
Kiribati,Exported2020,
Kiribati,Imported2020,361000
Antigua and Barbuda,Balance2016,-1979000
Antigua and Barbuda,Balance2017,-1707000
Antigua and Barbuda,Balance2018,-1810000
Antigua and Barbuda,Balance2019,-1722000
Antigua and Barbuda,Balance2020,-453000
Antigua and Barbuda,Exported2020,2000
Antigua and Barbuda,Imported2020,455000
Uganda,Balance2016,5048000
Uganda,Balance2017,-4165000
Uganda,Balance2018,-5826000
Uganda,Balance2019,-6892000
Uganda,Balance2020,-455000
Uganda,Exported2020,11020000
Uganda,Imported2020,11475000
Saint Lucia,Balance2016,-2780000
Saint Lucia,Balance2017,-1819000
Saint Lucia,Balance2018,-1754000
Saint Lucia,Balance2019,-1927000
Saint Lucia,Balance2020,-467000
Saint Lucia,Exported2020,16000
Saint Lucia,Imported2020,483000
Chad,Balance2016,-1510000
Chad,Balance2017,-2463000
Chad,Balance2018,-2397000
Chad,Balance2019,-4472000
Chad,Balance2020,-560000
Chad,Exported2020,6000
Chad,Imported2020,566000
Sudan (before 2012),Balance2016,
Sudan (before 2012),Balance2017,
Sudan (before 2012),Balance2018,
Sudan (before 2012),Balance2019,
Sudan (before 2012),Balance2020,-581000
Sudan (before 2012),Exported2020,
Sudan (before 2012),Imported2020,581000
Samoa,Balance2016,-142000
Samoa,Balance2017,-123000
Samoa,Balance2018,-168000
Samoa,Balance2019,-157000
Samoa,Balance2020,-600000
Samoa,Exported2020,14000
Samoa,Imported2020,614000
Belize,Balance2016,-881000
Belize,Balance2017,-698000
Belize,Balance2018,-532000
Belize,Balance2019,-1066000
Belize,Balance2020,-602000
Belize,Exported2020,9000
Belize,Imported2020,611000
Sierra Leone,Balance2016,-1353000
Sierra Leone,Balance2017,-1289000
Sierra Leone,Balance2018,-1237000
Sierra Leone,Balance2019,-1965000
Sierra Leone,Balance2020,-845000
Sierra Leone,Exported2020,2000
Sierra Leone,Imported2020,847000
Niger,Balance2016,998000
Niger,Balance2017,1519000
Niger,Balance2018,755000
Niger,Balance2019,-906000
Niger,Balance2020,-881000
Niger,Exported2020,165000
Niger,Imported2020,1046000
Democratic Republic of the Congo,Balance2016,-1447000
Democratic Republic of the Congo,Balance2017,-1175000
Democratic Republic of the Congo,Balance2018,-1317000
Democratic Republic of the Congo,Balance2019,-1137000
Democratic Republic of the Congo,Balance2020,-887000
Democratic Republic of the Congo,Exported2020,527000
Democratic Republic of the Congo,Imported2020,1414000
Fiji,Balance2016,-3733000
Fiji,Balance2017,-3101000
Fiji,Balance2018,-4469000
Fiji,Balance2019,-3537000
Fiji,Balance2020,-934000
Fiji,Exported2020,3608000
Fiji,Imported2020,4542000
Grenada,Balance2016,-1793000
Grenada,Balance2017,
Grenada,Balance2018,-1032000
Grenada,Balance2019,-1026000
Grenada,Balance2020,-1004000
Grenada,Exported2020,1000
Grenada,Imported2020,1005000
Cabo Verde,Balance2016,-1003000
Cabo Verde,Balance2017,-1185000
Cabo Verde,Balance2018,-1238000
Cabo Verde,Balance2019,-1489000
Cabo Verde,Balance2020,-1009000
Cabo Verde,Exported2020,
Cabo Verde,Imported2020,1009000
Seychelles,Balance2016,-1304000
Seychelles,Balance2017,-1375000
Seychelles,Balance2018,-1612000
Seychelles,Balance2019,-1619000
Seychelles,Balance2020,-1152000
Seychelles,Exported2020,
Seychelles,Imported2020,1152000
French Polynesia,Balance2016,-2711000
French Polynesia,Balance2017,-2268000
French Polynesia,Balance2018,-2337000
French Polynesia,Balance2019,-2421000
French Polynesia,Balance2020,-1175000
French Polynesia,Exported2020,3041000
French Polynesia,Imported2020,4216000
Equatorial Guinea,Balance2016,-1535000
Equatorial Guinea,Balance2017,-1488000
Equatorial Guinea,Balance2018,-2082000
Equatorial Guinea,Balance2019,-1821000
Equatorial Guinea,Balance2020,-1190000
Equatorial Guinea,Exported2020,
Equatorial Guinea,Imported2020,1190000
"Bonaire, Sint Eustatius and Saba",Balance2016,-289000
"Bonaire, Sint Eustatius and Saba",Balance2017,-703000
"Bonaire, Sint Eustatius and Saba",Balance2018,-863000
"Bonaire, Sint Eustatius and Saba",Balance2019,-734000
"Bonaire, Sint Eustatius and Saba",Balance2020,-1193000
"Bonaire, Sint Eustatius and Saba",Exported2020,5000
"Bonaire, Sint Eustatius and Saba",Imported2020,1198000
Mauritania,Balance2016,-1401000
Mauritania,Balance2017,-1210000
Mauritania,Balance2018,-1194000
Mauritania,Balance2019,-1393000
Mauritania,Balance2020,-1218000
Mauritania,Exported2020,
Mauritania,Imported2020,1218000
Suriname,Balance2016,-1167000
Suriname,Balance2017,-1420000
Suriname,Balance2018,-1878000
Suriname,Balance2019,-1965000
Suriname,Balance2020,-1287000
Suriname,Exported2020,9000
Suriname,Imported2020,1296000
Syria,Balance2016,-3634000
Syria,Balance2017,-3477000
Syria,Balance2018,-5397000
Syria,Balance2019,-3976000
Syria,Balance2020,-1314000
Syria,Exported2020,139000
Syria,Imported2020,1453000
Timor-Leste,Balance2016,
Timor-Leste,Balance2017,-1341000
Timor-Leste,Balance2018,-1486000
Timor-Leste,Balance2019,-1907000
Timor-Leste,Balance2020,-1432000
Timor-Leste,Exported2020,1000
Timor-Leste,Imported2020,1433000
Papua New Guinea,Balance2016,-6324000
Papua New Guinea,Balance2017,-1798000
Papua New Guinea,Balance2018,-2325000
Papua New Guinea,Balance2019,-1665000
Papua New Guinea,Balance2020,-1457000
Papua New Guinea,Exported2020,4000
Papua New Guinea,Imported2020,1461000
Guinea-Bissau,Balance2016,-76000
Guinea-Bissau,Balance2017,-126000
Guinea-Bissau,Balance2018,-124000
Guinea-Bissau,Balance2019,-1729000
Guinea-Bissau,Balance2020,-1638000
Guinea-Bissau,Exported2020,
Guinea-Bissau,Imported2020,1638000
South Sudan,Balance2016,-614000
South Sudan,Balance2017,-218000
South Sudan,Balance2018,-152000
South Sudan,Balance2019,-343000
South Sudan,Balance2020,-1708000
South Sudan,Exported2020,
South Sudan,Imported2020,1708000
Cuba,Balance2016,-4802000
Cuba,Balance2017,-4850000
Cuba,Balance2018,-5674000
Cuba,Balance2019,-2527000
Cuba,Balance2020,-1724000
Cuba,Exported2020,25000
Cuba,Imported2020,1749000
Greenland,Balance2016,-919000
Greenland,Balance2017,-1136000
Greenland,Balance2018,-1646000
Greenland,Balance2019,-1886000
Greenland,Balance2020,-1738000
Greenland,Exported2020,11000
Greenland,Imported2020,1749000
Bhutan,Balance2016,-1146000
Bhutan,Balance2017,-1143000
Bhutan,Balance2018,-1317000
Bhutan,Balance2019,-1806000
Bhutan,Balance2020,-1775000
Bhutan,Exported2020,7000
Bhutan,Imported2020,1782000
Cayman Islands,Balance2016,-1474000
Cayman Islands,Balance2017,-1477000
Cayman Islands,Balance2018,-1696000
Cayman Islands,Balance2019,-2497000
Cayman Islands,Balance2020,-2068000
Cayman Islands,Exported2020,1000
Cayman Islands,Imported2020,2069000
Aruba,Balance2016,-8983000
Aruba,Balance2017,-8113000
Aruba,Balance2018,-8162000
Aruba,Balance2019,-5183000
Aruba,Balance2020,-2160000
Aruba,Exported2020,2108000
Aruba,Imported2020,4268000
Republic of Congo,Balance2016,-3064000
Republic of Congo,Balance2017,-2864000
Republic of Congo,Balance2018,-2414000
Republic of Congo,Balance2019,-2762000
Republic of Congo,Balance2020,-2211000
Republic of Congo,Exported2020,146000
Republic of Congo,Imported2020,2357000
Somalia,Balance2016,-3156000
Somalia,Balance2017,-3831000
Somalia,Balance2018,-6304000
Somalia,Balance2019,-6878000
Somalia,Balance2020,-2223000
Somalia,Exported2020,15000
Somalia,Imported2020,2238000
Madagascar,Balance2016,-2131000
Madagascar,Balance2017,-2722000
Madagascar,Balance2018,-2691000
Madagascar,Balance2019,-2654000
Madagascar,Balance2020,-2351000
Madagascar,Exported2020,69000
Madagascar,Imported2020,2420000
Mozambique,Balance2016,-2023000
Mozambique,Balance2017,-2685000
Mozambique,Balance2018,-2808000
Mozambique,Balance2019,-3015000
Mozambique,Balance2020,-2392000
Mozambique,Exported2020,16000
Mozambique,Imported2020,2408000
Tajikistan,Balance2016,-2331000
Tajikistan,Balance2017,-2448000
Tajikistan,Balance2018,-2279000
Tajikistan,Balance2019,-2280000
Tajikistan,Balance2020,-2411000
Tajikistan,Exported2020,
Tajikistan,Imported2020,2411000
Guyana,Balance2016,-3116000
Guyana,Balance2017,-2163000
Guyana,Balance2018,-2818000
Guyana,Balance2019,-3073000
Guyana,Balance2020,-2550000
Guyana,Exported2020,11000
Guyana,Imported2020,2561000
Lesotho,Balance2016,-4029000
Lesotho,Balance2017,-4510000
Lesotho,Balance2018,-2124000
Lesotho,Balance2019,-2582000
Lesotho,Balance2020,-2555000
Lesotho,Exported2020,765000
Lesotho,Imported2020,3320000
Bahamas,Balance2016,-7696000
Bahamas,Balance2017,-8385000
Bahamas,Balance2018,-10658000
Bahamas,Balance2019,-4691000
Bahamas,Balance2020,-2605000
Bahamas,Exported2020,3000
Bahamas,Imported2020,2608000
Burkina Faso,Balance2016,-2639000
Burkina Faso,Balance2017,-2102000
Burkina Faso,Balance2018,-2746000
Burkina Faso,Balance2019,-2613000
Burkina Faso,Balance2020,-2614000
Burkina Faso,Exported2020,18000
Burkina Faso,Imported2020,2632000
Sri Lanka,Balance2016,-12352000
Sri Lanka,Balance2017,-10800000
Sri Lanka,Balance2018,
Sri Lanka,Balance2019,-6366000
Sri Lanka,Balance2020,-2732000
Sri Lanka,Exported2020,3695000
Sri Lanka,Imported2020,6427000
Gabon,Balance2016,-6991000
Gabon,Balance2017,-6644000
Gabon,Balance2018,-6230000
Gabon,Balance2019,-4854000
Gabon,Balance2020,-2880000
Gabon,Exported2020,3000
Gabon,Imported2020,2883000
Faroe Islands,Balance2016,-1137000
Faroe Islands,Balance2017,-1102000
Faroe Islands,Balance2018,-1553000
Faroe Islands,Balance2019,-1919000
Faroe Islands,Balance2020,-3088000
Faroe Islands,Exported2020,11000
Faroe Islands,Imported2020,3099000
Gibraltar,Balance2016,-4450000
Gibraltar,Balance2017,-4335000
Gibraltar,Balance2018,-4558000
Gibraltar,Balance2019,-5305000
Gibraltar,Balance2020,-3092000
Gibraltar,Exported2020,18000
Gibraltar,Imported2020,3110000
Malawi,Balance2016,-2503000
Malawi,Balance2017,-3653000
Malawi,Balance2018,-4435000
Malawi,Balance2019,-3660000
Malawi,Balance2020,-3182000
Malawi,Exported2020,78000
Malawi,Imported2020,3260000
Slovenia,Balance2016,6258000
Slovenia,Balance2017,-15653000
Slovenia,Balance2018,-1109000
Slovenia,Balance2019,-6435000
Slovenia,Balance2020,-3360000
Slovenia,Exported2020,89372000
Slovenia,Imported2020,92732000
Bermuda,Balance2016,-4068000
Bermuda,Balance2017,-3852000
Bermuda,Balance2018,-4130000
Bermuda,Balance2019,-4099000
Bermuda,Balance2020,-3425000
Bermuda,Exported2020,
Bermuda,Imported2020,3425000
Djibouti,Balance2016,-5840000
Djibouti,Balance2017,-5305000
Djibouti,Balance2018,-6723000
Djibouti,Balance2019,-4424000
Djibouti,Balance2020,-3483000
Djibouti,Exported2020,3000
Djibouti,Imported2020,3486000
Jamaica,Balance2016,-4876000
Jamaica,Balance2017,-5107000
Jamaica,Balance2018,-5827000
Jamaica,Balance2019,-6751000
Jamaica,Balance2020,-3504000
Jamaica,Exported2020,766000
Jamaica,Imported2020,4270000
Benin,Balance2016,-3463000
Benin,Balance2017,-3475000
Benin,Balance2018,-3283000
Benin,Balance2019,-3757000
Benin,Balance2020,-3753000
Benin,Exported2020,194000
Benin,Imported2020,3947000
Afghanistan,Balance2016,0
Afghanistan,Balance2017,-3197000
Afghanistan,Balance2018,-3412000
Afghanistan,Balance2019,-1903000
Afghanistan,Balance2020,-3938000
Afghanistan,Exported2020,11000
Afghanistan,Imported2020,3949000
Barbados,Balance2016,-4829000
Barbados,Balance2017,-3022000
Barbados,Balance2018,-4271000
Barbados,Balance2019,-3891000
Barbados,Balance2020,-3994000
Barbados,Exported2020,61000
Barbados,Imported2020,4055000
Turkmenistan,Balance2016,-6796000
Turkmenistan,Balance2017,-7828000
Turkmenistan,Balance2018,-4477000
Turkmenistan,Balance2019,-4476000
Turkmenistan,Balance2020,-4145000
Turkmenistan,Exported2020,
Turkmenistan,Imported2020,4145000
Burundi,Balance2016,-2315000
Burundi,Balance2017,-2666000
Burundi,Balance2018,-3831000
Burundi,Balance2019,-3152000
Burundi,Balance2020,-4147000
Burundi,Exported2020,11000
Burundi,Imported2020,4158000
Maldives,Balance2016,-7622000
Maldives,Balance2017,-8342000
Maldives,Balance2018,-8821000
Maldives,Balance2019,-10023000
Maldives,Balance2020,-4279000
Maldives,Exported2020,116000
Maldives,Imported2020,4395000
Rwanda,Balance2016,-6636000
Rwanda,Balance2017,-7217000
Rwanda,Balance2018,-8794000
Rwanda,Balance2019,-6493000
Rwanda,Balance2020,-4588000
Rwanda,Exported2020,257000
Rwanda,Imported2020,4845000
Tanzania,Balance2016,5561000
Tanzania,Balance2017,9372000
Tanzania,Balance2018,51976000
Tanzania,Balance2019,-4986000
Tanzania,Balance2020,-4652000
Tanzania,Exported2020,7783000
Tanzania,Imported2020,12435000
Curaçao,Balance2016,
Curaçao,Balance2017,-5011000
Curaçao,Balance2018,-5672000
Curaçao,Balance2019,-5211000
Curaçao,Balance2020,-5223000
Curaçao,Exported2020,454000
Curaçao,Imported2020,5677000
Eswatini,Balance2016,-4677000
Eswatini,Balance2017,-7211000
Eswatini,Balance2018,-7423000
Eswatini,Balance2019,-6550000
Eswatini,Balance2020,-5752000
Eswatini,Exported2020,36000
Eswatini,Imported2020,5788000
Zimbabwe,Balance2016,-9125000
Zimbabwe,Balance2017,-7534000
Zimbabwe,Balance2018,-7937000
Zimbabwe,Balance2019,-2765000
Zimbabwe,Balance2020,-5900000
Zimbabwe,Exported2020,8000
Zimbabwe,Imported2020,5908000
Ethiopia,Balance2016,-8452000
Ethiopia,Balance2017,-10685000
Ethiopia,Balance2018,-8959000
Ethiopia,Balance2019,-9350000
Ethiopia,Balance2020,-5929000
Ethiopia,Exported2020,11000
Ethiopia,Imported2020,5940000
Cameroon,Balance2016,4944000
Cameroon,Balance2017,2782000
Cameroon,Balance2018,2775000
Cameroon,Balance2019,-4619000
Cameroon,Balance2020,-6157000
Cameroon,Exported2020,514000
Cameroon,Imported2020,6671000
Pakistan,Balance2016,-14504000
Pakistan,Balance2017,-18208000
Pakistan,Balance2018,-20022000
Pakistan,Balance2019,-13403000
Pakistan,Balance2020,-6341000
Pakistan,Exported2020,13084000
Pakistan,Imported2020,19425000
Sudan,Balance2016,-6031000
Sudan,Balance2017,-7805000
Sudan,Balance2018,-7031000
Sudan,Balance2019,-9237000
Sudan,Balance2020,-6367000
Sudan,Exported2020,37000
Sudan,Imported2020,6404000
Zambia,Balance2016,-5844000
Zambia,Balance2017,-6737000
Zambia,Balance2018,-7742000
Zambia,Balance2019,-7271000
Zambia,Balance2020,-6508000
Zambia,Exported2020,626000
Zambia,Imported2020,7134000
Bulgaria,Balance2016,-22040000
Bulgaria,Balance2017,-16283000
Bulgaria,Balance2018,-30865000
Bulgaria,Balance2019,-30520000
Bulgaria,Balance2020,-6518000
Bulgaria,Exported2020,73786000
Bulgaria,Imported2020,80304000
Venezuela,Balance2016,-10451000
Venezuela,Balance2017,-6059000
Venezuela,Balance2018,-1779000
Venezuela,Balance2019,-2556000
Venezuela,Balance2020,-6880000
Venezuela,Exported2020,76000
Venezuela,Imported2020,6956000
New Caledonia,Balance2016,-6956000
New Caledonia,Balance2017,-6379000
New Caledonia,Balance2018,-7380000
New Caledonia,Balance2019,-6758000
New Caledonia,Balance2020,-6945000
New Caledonia,Exported2020,17000
New Caledonia,Imported2020,6962000
Haiti,Balance2016,-8399000
Haiti,Balance2017,-4534000
Haiti,Balance2018,-8405000
Haiti,Balance2019,-4922000
Haiti,Balance2020,-7295000
Haiti,Exported2020,93000
Haiti,Imported2020,7388000
Mali,Balance2016,-5803000
Mali,Balance2017,-6091000
Mali,Balance2018,-7671000
Mali,Balance2019,-9768000
Mali,Balance2020,-7730000
Mali,Exported2020,46000
Mali,Imported2020,7776000
Latvia,Balance2016,-11949000
Latvia,Balance2017,-16955000
Latvia,Balance2018,-9041000
Latvia,Balance2019,-12957000
Latvia,Balance2020,-7866000
Latvia,Exported2020,60793000
Latvia,Imported2020,68659000
Yemen,Balance2016,-7050000
Yemen,Balance2017,-12659000
Yemen,Balance2018,-15955000
Yemen,Balance2019,-18812000
Yemen,Balance2020,-9131000
Yemen,Exported2020,2000
Yemen,Imported2020,9133000
Ghana,Balance2016,19371000
Ghana,Balance2017,39075000
Ghana,Balance2018,-7380000
Ghana,Balance2019,-5829000
Ghana,Balance2020,-10395000
Ghana,Exported2020,2419000
Ghana,Imported2020,12814000
Trinidad and Tobago,Balance2016,-15345000
Trinidad and Tobago,Balance2017,-16312000
Trinidad and Tobago,Balance2018,-14100000
Trinidad and Tobago,Balance2019,-15315000
Trinidad and Tobago,Balance2020,-10549000
Trinidad and Tobago,Exported2020,602000
Trinidad and Tobago,Imported2020,11151000
Brunei Darussalam,Balance2016,-6516000
Brunei Darussalam,Balance2017,-6398000
Brunei Darussalam,Balance2018,-6656000
Brunei Darussalam,Balance2019,-6737000
Brunei Darussalam,Balance2020,-10799000
Brunei Darussalam,Exported2020,182000
Brunei Darussalam,Imported2020,10981000
Angola,Balance2016,-11928000
Angola,Balance2017,-16589000
Angola,Balance2018,-13983000
Angola,Balance2019,-11345000
Angola,Balance2020,-10862000
Angola,Exported2020,55000
Angola,Imported2020,10917000
Malta,Balance2016,-8930000
Malta,Balance2017,-9003000
Malta,Balance2018,-10353000
Malta,Balance2019,-12315000
Malta,Balance2020,-10865000
Malta,Exported2020,2387000
Malta,Imported2020,13252000
Kyrgyzstan,Balance2016,-11598000
Kyrgyzstan,Balance2017,-17891000
Kyrgyzstan,Balance2018,-21129000
Kyrgyzstan,Balance2019,-3550000
Kyrgyzstan,Balance2020,-11618000
Kyrgyzstan,Exported2020,844000
Kyrgyzstan,Imported2020,12462000
Iran,Balance2016,-84800000
Iran,Balance2017,-120307000
Iran,Balance2018,-79945000
Iran,Balance2019,-55002000
Iran,Balance2020,-11664000
Iran,Exported2020,1210000
Iran,Imported2020,12874000
Montenegro,Balance2016,-14120000
Montenegro,Balance2017,-13598000
Montenegro,Balance2018,-13454000
Montenegro,Balance2019,-14046000
Montenegro,Balance2020,-12594000
Montenegro,Exported2020,360000
Montenegro,Imported2020,12954000
Macedonia,Balance2016,-10249000
Macedonia,Balance2017,-12068000
Macedonia,Balance2018,-12095000
Macedonia,Balance2019,-13917000
Macedonia,Balance2020,-12610000
Macedonia,Exported2020,4365000
Macedonia,Imported2020,16975000
Egypt,Balance2016,-30002000
Egypt,Balance2017,-34914000
Egypt,Balance2018,-25506000
Egypt,Balance2019,-42686000
Egypt,Balance2020,-12633000
Egypt,Exported2020,24257000
Egypt,Imported2020,36890000
Iceland,Balance2016,-14338000
Iceland,Balance2017,-14553000
Iceland,Balance2018,-10350000
Iceland,Balance2019,-10782000
Iceland,Balance2020,-13164000
Iceland,Exported2020,10438000
Albania,Balance2016,-12419000
Algeria,Balance2016,-52438000
American Samoa,Balance2016,-36000
Andorra,Balance2016,-24651000
Argentina,Balance2016,-37545000
Armenia,Balance2016,-12295000
Australia,Balance2016,-383812000
Austria,Balance2016,-263348000
Azerbaijan,Balance2016,-20254000
Bahrain,Balance2016,-44623000
Bangladesh,Balance2016,-23553000
Belarus,Balance2016,-12984000
Belgium,Balance2016,76660000
Bolivia,Balance2016,-33357000
Bosnia and Herzegovina,Balance2016,-37481000
Botswana,Balance2016,-22465000
Brazil,Balance2016,-62028000
British Indian Ocean Territory,Balance2016,-105000
Cambodia,Balance2016,-21381000
Canada,Balance2016,-342015000
Chile,Balance2016,-126036000
China,Balance2016,-2311931000
Cocos (Keeling) Islands,Balance2016,
Costa Rica,Balance2016,-53605000
Croatia,Balance2016,-48514000
Cyprus,Balance2016,-46343000
Denmark,Balance2016,-71895000
Dominican Republic,Balance2016,-24120000
Ecuador,Balance2016,-66969000
El Salvador,Balance2016,-42340000
Estonia,Balance2016,-30456000
Finland,Balance2016,-78968000
Georgia,Balance2016,-20957000
Greece,Balance2016,-56617000
Guatemala,Balance2016,-26690000
Guinea,Balance2016,-1443000
Honduras,Balance2016,-25995000
"Hong Kong, China",Balance2016,-2072514000
Hungary,Balance2016,-12044000
Indonesia,Balance2016,-45356000
Iraq,Balance2016,-52976000
Ireland,Balance2016,-161695000
Jordan,Balance2016,-23717000
Kazakhstan,Balance2016,-66945000
Kuwait,Balance2016,-199796000
Lao PDR,Balance2016,-3404000
Libya,Balance2016,-24972000
Lithuania,Balance2016,-37435000
"Macao, China",Balance2016,-354186000
Malaysia,Balance2016,-186948000
Mauritius,Balance2016,-17752000
Mexico,Balance2016,-207475000
Moldova,Balance2016,-13810000
Mongolia,Balance2016,-12750000
Morocco,Balance2016,-53591000
Myanmar,Balance2016,-55948000
Namibia,Balance2016,-31087000
Nepal,Balance2016,-37256000
New Zealand,Balance2016,-64876000
Nicaragua,Balance2016,-22902000
Nigeria,Balance2016,-16893000
Norway,Balance2016,-257496000
Oman,Balance2016,-62116000
Panama,Balance2016,-7259000
Paraguay,Balance2016,-16104000
Peru,Balance2016,-61395000
Philippines,Balance2016,-28936000
Pitcairn,Balance2016,
Portugal,Balance2016,-199291000
Qatar,Balance2016,
Romania,Balance2016,-115886000
Russian Federation,Balance2016,-783428000
Saudi Arabia,Balance2016,-597153000
Serbia,Balance2016,-27603000
Slovakia,Balance2016,-86197000
Sweden,Balance2016,-169986000
Taiwan,Balance2016,-431169000
Thailand,Balance2016,-381572000
Tunisia,Balance2016,-32959000
Turkey,Balance2016,-107666000
Ukraine,Balance2016,-120394000
United Arab Emirates,Balance2016,-618347000
Uruguay,Balance2016,-16180000
Uzbekistan,Balance2016,
Viet Nam,Balance2016,-36588000
Western Sahara,Balance2016,1000
Albania,Balance2017,-10470000
Algeria,Balance2017,-32405000
American Samoa,Balance2017,-61000
Andorra,Balance2017,-23698000
Argentina,Balance2017,-67335000
Armenia,Balance2017,-15225000
Australia,Balance2017,-344005000
Austria,Balance2017,-261522000
Azerbaijan,Balance2017,-24570000
Bahrain,Balance2017,-47306000
Bangladesh,Balance2017,-25886000
Belarus,Balance2017,-20950000
Belgium,Balance2017,93768000
Bolivia,Balance2017,-32806000
Bosnia and Herzegovina,Balance2017,-39132000
Botswana,Balance2017,-21064000
Brazil,Balance2017,-85590000
British Indian Ocean Territory,Balance2017,-108000
Cambodia,Balance2017,-29060000
Canada,Balance2017,-456984000
Chile,Balance2017,-144004000
China,Balance2017,-3762257000
Cocos (Keeling) Islands,Balance2017,1000
Costa Rica,Balance2017,-54004000
Croatia,Balance2017,-49179000
Cyprus,Balance2017,-50186000
Denmark,Balance2017,-82997000
Dominican Republic,Balance2017,-32870000
Ecuador,Balance2017,-86349000
El Salvador,Balance2017,-40789000
Estonia,Balance2017,-19980000
Finland,Balance2017,-91013000
Georgia,Balance2017,-24068000
Greece,Balance2017,-60445000
Guatemala,Balance2017,-30407000
Guinea,Balance2017,-21112000
Honduras,Balance2017,-25410000
"Hong Kong, China",Balance2017,-2180906000
Hungary,Balance2017,-16411000
Indonesia,Balance2017,-97545000
Iraq,Balance2017,-76011000
Ireland,Balance2017,-182555000
Jordan,Balance2017,-24368000
Kazakhstan,Balance2017,-88520000
Kuwait,Balance2017,-209704000
Lao PDR,Balance2017,-5339000
Libya,Balance2017,
Lithuania,Balance2017,-42929000
"Macao, China",Balance2017,
Malaysia,Balance2017,-289770000
Mauritius,Balance2017,-18085000
Mexico,Balance2017,-290394000
Moldova,Balance2017,-16385000
Mongolia,Balance2017,-17036000
Morocco,Balance2017,-52221000
Myanmar,Balance2017,-60278000
Namibia,Balance2017,-35214000
Nepal,Balance2017,-31170000
New Zealand,Balance2017,-77548000
Nicaragua,Balance2017,-23027000
Nigeria,Balance2017,-14422000
Norway,Balance2017,-283068000
Oman,Balance2017,-66303000
Panama,Balance2017,-12468000
Paraguay,Balance2017,-26290000
Peru,Balance2017,-76104000
Philippines,Balance2017,-86121000
Pitcairn,Balance2017,1000
Portugal,Balance2017,-211830000
Qatar,Balance2017,-159227000
Romania,Balance2017,-143926000
Russian Federation,Balance2017,-919885000
Saudi Arabia,Balance2017,-544542000
Serbia,Balance2017,-37475000
Slovakia,Balance2017,-93274000
Sweden,Balance2017,-201348000
Taiwan,Balance2017,-350280000
Thailand,Balance2017,-433266000
Tunisia,Balance2017,-35788000
Turkey,Balance2017,-125444000
Ukraine,Balance2017,-126906000
United Arab Emirates,Balance2017,-527388000
Uruguay,Balance2017,-18140000
Uzbekistan,Balance2017,-6253000
Viet Nam,Balance2017,-50690000
Western Sahara,Balance2017,4000
Albania,Balance2018,-13950000
Algeria,Balance2018,-41948000
American Samoa,Balance2018,-4000
Andorra,Balance2018,-25483000
Argentina,Balance2018,-69952000
Armenia,Balance2018,-14926000
Australia,Balance2018,-431742000
Austria,Balance2018,-268067000
Azerbaijan,Balance2018,-27223000
Bahrain,Balance2018,-55111000
Bangladesh,Balance2018,-30469000
Belarus,Balance2018,-24208000
Belgium,Balance2018,-72293000
Bolivia,Balance2018,-32664000
Bosnia and Herzegovina,Balance2018,-44683000
Botswana,Balance2018,-22939000
Brazil,Balance2018,-98875000
British Indian Ocean Territory,Balance2018,
Cambodia,Balance2018,-52167000
Canada,Balance2018,-375889000
Chile,Balance2018,-157432000
China,Balance2018,-7436089000
Cocos (Keeling) Islands,Balance2018,1000
Costa Rica,Balance2018,-53704000
Croatia,Balance2018,-58361000
Cyprus,Balance2018,-54627000
Denmark,Balance2018,-80901000
Dominican Republic,Balance2018,-35031000
Ecuador,Balance2018,-93713000
El Salvador,Balance2018,-42333000
Estonia,Balance2018,-22268000
Finland,Balance2018,-103976000
Georgia,Balance2018,-23195000
Greece,Balance2018,-65139000
Guatemala,Balance2018,-35411000
Guinea,Balance2018,-24678000
Honduras,Balance2018,-24822000
"Hong Kong, China",Balance2018,-2787195000
Hungary,Balance2018,-7053000
Indonesia,Balance2018,-206336000
Iraq,Balance2018,-87365000
Ireland,Balance2018,-207876000
Jordan,Balance2018,-20783000
Kazakhstan,Balance2018,-97247000
Kuwait,Balance2018,-252362000
Lao PDR,Balance2018,-1539000
Libya,Balance2018,-30601000
Lithuania,Balance2018,-35737000
"Macao, China",Balance2018,-562730000
Malaysia,Balance2018,-306389000
Mauritius,Balance2018,-19662000
Mexico,Balance2018,-300920000
Moldova,Balance2018,-19050000
Mongolia,Balance2018,-19148000
Morocco,Balance2018,-65235000
Myanmar,Balance2018,-65395000
Namibia,Balance2018,-36929000
Nepal,Balance2018,-36052000
New Zealand,Balance2018,-100925000
Nicaragua,Balance2018,-19662000
Nigeria,Balance2018,-10125000
Norway,Balance2018,-305377000
Oman,Balance2018,-69946000
Panama,Balance2018,-63949000
Paraguay,Balance2018,-27648000
Peru,Balance2018,-81758000
Philippines,Balance2018,-120237000
Pitcairn,Balance2018,
Portugal,Balance2018,-236807000
Qatar,Balance2018,-163696000
Romania,Balance2018,-170039000
Russian Federation,Balance2018,-1017374000
Saudi Arabia,Balance2018,-573683000
Serbia,Balance2018,-38860000
Slovakia,Balance2018,-116688000
Sweden,Balance2018,-190921000
Taiwan,Balance2018,-410962000
Thailand,Balance2018,-412637000
Tunisia,Balance2018,-29109000
Turkey,Balance2018,-116518000
Ukraine,Balance2018,-155971000
United Arab Emirates,Balance2018,42978000
Uruguay,Balance2018,-19557000
Uzbekistan,Balance2018,-7364000
Viet Nam,Balance2018,-69490000
Western Sahara,Balance2018,2000
Albania,Balance2019,-12788000
Algeria,Balance2019,-83711000
American Samoa,Balance2019,-2000
Andorra,Balance2019,-27827000
Argentina,Balance2019,-56016000
Armenia,Balance2019,-16327000
Australia,Balance2019,-372547000
Austria,Balance2019,-233897000
Azerbaijan,Balance2019,-29406000
Bahrain,Balance2019,-52828000
Bangladesh,Balance2019,-39324000
Belarus,Balance2019,-23036000
Belgium,Balance2019,-133309000
Bolivia,Balance2019,-31171000
Bosnia and Herzegovina,Balance2019,-44771000
Botswana,Balance2019,-27923000
Brazil,Balance2019,-113698000
British Indian Ocean Territory,Balance2019,4000
Cambodia,Balance2019,-35500000
Canada,Balance2019,-373509000
Chile,Balance2019,-164030000
China,Balance2019,-10456327000
Cocos (Keeling) Islands,Balance2019,7000
Costa Rica,Balance2019,-54607000
Croatia,Balance2019,-54830000
Cyprus,Balance2019,-44112000
Denmark,Balance2019,-90058000
Dominican Republic,Balance2019,-34882000
Ecuador,Balance2019,-98263000
El Salvador,Balance2019,-42629000
Estonia,Balance2019,-29111000
Finland,Balance2019,-98198000
Georgia,Balance2019,-30477000
Greece,Balance2019,-61874000
Guatemala,Balance2019,-36054000
Guinea,Balance2019,-25937000
Honduras,Balance2019,-26436000
"Hong Kong, China",Balance2019,-1910868000
Hungary,Balance2019,-44865000
Indonesia,Balance2019,-235350000
Iraq,Balance2019,-113756000
Ireland,Balance2019,-190094000
Jordan,Balance2019,-31955000
Kazakhstan,Balance2019,-113123000
Kuwait,Balance2019,-255132000
Lao PDR,Balance2019,-3409000
Libya,Balance2019,-35160000
Lithuania,Balance2019,-40431000
"Macao, China",Balance2019,-826934000
Malaysia,Balance2019,-330923000
Mauritius,Balance2019,-19703000
Mexico,Balance2019,-284805000
Moldova,Balance2019,-21621000
Mongolia,Balance2019,-19660000
Morocco,Balance2019,-64473000
Myanmar,Balance2019,-63919000
Namibia,Balance2019,-34879000
Nepal,Balance2019,-38704000
New Zealand,Balance2019,-130980000
Nicaragua,Balance2019,-18407000
Nigeria,Balance2019,-9628000
Norway,Balance2019,-257558000
Oman,Balance2019,-113419000
Panama,Balance2019,-80188000
Paraguay,Balance2019,-25417000
Peru,Balance2019,-105953000
Philippines,Balance2019,-151622000
Pitcairn,Balance2019,-5000
Portugal,Balance2019,-240197000
Qatar,Balance2019,-156062000
Romania,Balance2019,-171864000
Russian Federation,Balance2019,-1046200000
Saudi Arabia,Balance2019,-671428000
Serbia,Balance2019,-40403000
Slovakia,Balance2019,-107552000
Sweden,Balance2019,-202498000
Taiwan,Balance2019,-466635000
Thailand,Balance2019,-140816000
Tunisia,Balance2019,-25703000
Turkey,Balance2019,-99120000
Ukraine,Balance2019,-186065000
United Arab Emirates,Balance2019,160910000
Uruguay,Balance2019,-17487000
Uzbekistan,Balance2019,-11830000
Viet Nam,Balance2019,-78524000
Western Sahara,Balance2019,
Albania,Balance2020,-17955000
Algeria,Balance2020,-59002000
American Samoa,Balance2020,
Andorra,Balance2020,-23817000
Argentina,Balance2020,-41276000
Armenia,Balance2020,-19376000
Australia,Balance2020,-275268000
Austria,Balance2020,-204718000
Azerbaijan,Balance2020,-26216000
Bahrain,Balance2020,-14578000
Bangladesh,Balance2020,-28321000
Belarus,Balance2020,-19245000
Belgium,Balance2020,-60821000
Bolivia,Balance2020,-23743000
Bosnia and Herzegovina,Balance2020,-38232000
Botswana,Balance2020,-27655000
Brazil,Balance2020,-84526000
British Indian Ocean Territory,Balance2020,
Cambodia,Balance2020,-16720000
Canada,Balance2020,-342795000
Chile,Balance2020,-144608000
China,Balance2020,-15158184000
Cocos (Keeling) Islands,Balance2020,
Costa Rica,Balance2020,-45232000
Croatia,Balance2020,-55274000
Cyprus,Balance2020,-34554000
Denmark,Balance2020,-39048000
Dominican Republic,Balance2020,-15965000
Ecuador,Balance2020,-68264000
El Salvador,Balance2020,-29440000
Estonia,Balance2020,-13681000
Finland,Balance2020,-101250000
Georgia,Balance2020,-30504000
Greece,Balance2020,-33751000
Guatemala,Balance2020,-31457000
Guinea,Balance2020,-15332000
Honduras,Balance2020,-17493000
"Hong Kong, China",Balance2020,-3157707000
Hungary,Balance2020,-55018000
Indonesia,Balance2020,-147262000
Iraq,Balance2020,-70659000
Ireland,Balance2020,-156082000
Jordan,Balance2020,-28144000
Kazakhstan,Balance2020,-110052000
Kuwait,Balance2020,-104426000
Lao PDR,Balance2020,-30293000
Libya,Balance2020,-23482000
Lithuania,Balance2020,-33555000
"Macao, China",Balance2020,-2314816000
Malaysia,Balance2020,-229413000
Mauritius,Balance2020,-14210000
Mexico,Balance2020,-154148000
Moldova,Balance2020,-18439000
Mongolia,Balance2020,-23605000
Morocco,Balance2020,-68669000
Myanmar,Balance2020,-39495000
Namibia,Balance2020,-28838000
Nepal,Balance2020,-21957000
New Zealand,Balance2020,-128531000
Nicaragua,Balance2020,-15528000
Nigeria,Balance2020,-36444000
Norway,Balance2020,-265803000
Oman,Balance2020,-17140000
Panama,Balance2020,-71503000
Paraguay,Balance2020,-17283000
Peru,Balance2020,-80300000
Philippines,Balance2020,-106338000
Pitcairn,Balance2020,
Portugal,Balance2020,-179796000
Qatar,Balance2020,-116880000
Romania,Balance2020,-189259000
Russian Federation,Balance2020,-761539000
Saudi Arabia,Balance2020,-594463000
Serbia,Balance2020,-41968000
Slovakia,Balance2020,-114313000
Sweden,Balance2020,-164418000
Taiwan,Balance2020,-439556000
Thailand,Balance2020,-28827000
Tunisia,Balance2020,-24934000
Turkey,Balance2020,-41366000
Ukraine,Balance2020,-172682000
United Arab Emirates,Balance2020,-378208000
Uruguay,Balance2020,-16554000
Uzbekistan,Balance2020,-14464000
Viet Nam,Balance2020,-82855000
Western Sahara,Balance2020,
Albania,Exported2020,984000
Algeria,Exported2020,80000
American Samoa,Exported2020,
Andorra,Exported2020,316000
Argentina,Exported2020,56788000
Armenia,Exported2020,903000
Australia,Exported2020,512963000
Austria,Exported2020,227454000
Azerbaijan,Exported2020,38000
Bahrain,Exported2020,78000
Bangladesh,Exported2020,401000
Belarus,Exported2020,58566000
Belgium,Exported2020,1094545000
Bolivia,Exported2020,5000
Bosnia and Herzegovina,Exported2020,1546000
Botswana,Exported2020,99000
Brazil,Exported2020,78632000
British Indian Ocean Territory,Exported2020,
Cambodia,Exported2020,1646000
Canada,Exported2020,1065430000
Chile,Exported2020,30355000
China,Exported2020,2177567000
Cocos (Keeling) Islands,Exported2020,
Costa Rica,Exported2020,6634000
Croatia,Exported2020,97074000
Cyprus,Exported2020,8103000
Denmark,Exported2020,283190000
Dominican Republic,Exported2020,25249000
Ecuador,Exported2020,715000
El Salvador,Exported2020,1697000
Estonia,Exported2020,56047000
Finland,Exported2020,35479000
Georgia,Exported2020,1191000
Greece,Exported2020,180177000
Guatemala,Exported2020,23106000
Guinea,Exported2020,35000
Honduras,Exported2020,225000
"Hong Kong, China",Exported2020,4076475000
Hungary,Exported2020,175771000
Indonesia,Exported2020,109872000
Iraq,Exported2020,80000
Ireland,Exported2020,136044000
Jordan,Exported2020,20778000
Kazakhstan,Exported2020,2231000
Kuwait,Exported2020,5422000
Lao PDR,Exported2020,40000
Libya,Exported2020,28000
Lithuania,Exported2020,161998000
"Macao, China",Exported2020,43679000
Malaysia,Exported2020,119755000
Mauritius,Exported2020,261000
Mexico,Exported2020,325158000
Moldova,Exported2020,2317000
Mongolia,Exported2020,297000
Morocco,Exported2020,18808000
Myanmar,Exported2020,944000
Namibia,Exported2020,489000
Nepal,Exported2020,110000
New Zealand,Exported2020,66008000
Nicaragua,Exported2020,161000
Nigeria,Exported2020,362000
Norway,Exported2020,35428000
Oman,Exported2020,42000
Panama,Exported2020,13758000
Paraguay,Exported2020,730000
Peru,Exported2020,13325000
Philippines,Exported2020,23604000
Pitcairn,Exported2020,
Portugal,Exported2020,55768000
Qatar,Exported2020,689000
Romania,Exported2020,41337000
Russian Federation,Exported2020,254050000
Saudi Arabia,Exported2020,2131000
Serbia,Exported2020,25838000
Slovakia,Exported2020,64496000
Sweden,Exported2020,274389000
Taiwan,Exported2020,411688000
Thailand,Exported2020,586503000
Tunisia,Exported2020,8686000
Turkey,Exported2020,214315000
Ukraine,Exported2020,38730000
United Arab Emirates,Exported2020,160550000
Uruguay,Exported2020,393000
Uzbekistan,Exported2020,186000
Viet Nam,Exported2020,92770000
Western Sahara,Exported2020,
Albania,Imported2020,18939000
Algeria,Imported2020,59082000
American Samoa,Imported2020,
Andorra,Imported2020,24133000
Argentina,Imported2020,98064000
Armenia,Imported2020,20279000
Australia,Imported2020,788231000
Austria,Imported2020,432172000
Azerbaijan,Imported2020,26254000
Bahrain,Imported2020,14656000
Bangladesh,Imported2020,28722000
Belarus,Imported2020,77811000
Belgium,Imported2020,1155366000
Bolivia,Imported2020,23748000
Bosnia and Herzegovina,Imported2020,39778000
Botswana,Imported2020,27754000
Brazil,Imported2020,163158000
British Indian Ocean Territory,Imported2020,
Cambodia,Imported2020,18366000
Canada,Imported2020,1408225000
Chile,Imported2020,174963000
China,Imported2020,17335751000
Cocos (Keeling) Islands,Imported2020,
Costa Rica,Imported2020,51866000
Croatia,Imported2020,152348000
Cyprus,Imported2020,42657000
Denmark,Imported2020,322238000
Dominican Republic,Imported2020,41214000
Ecuador,Imported2020,68979000
El Salvador,Imported2020,31137000
Estonia,Imported2020,69728000
Finland,Imported2020,136729000
Georgia,Imported2020,31695000
Greece,Imported2020,213928000
Guatemala,Imported2020,54563000
Guinea,Imported2020,15367000
Honduras,Imported2020,17718000
"Hong Kong, China",Imported2020,7234182000
Hungary,Imported2020,230789000
Iceland,Imported2020,23602000
Indonesia,Imported2020,257134000
Iraq,Imported2020,70739000
Ireland,Imported2020,292126000
Jordan,Imported2020,48922000
Kazakhstan,Imported2020,112283000
Kuwait,Imported2020,109848000
Lao PDR,Imported2020,30333000
Libya,Imported2020,23510000
Lithuania,Imported2020,195553000
"Macao, China",Imported2020,2358495000
Malaysia,Imported2020,349168000
Mauritius,Imported2020,14471000
Mexico,Imported2020,479306000
Moldova,Imported2020,20756000
Mongolia,Imported2020,23902000
Morocco,Imported2020,87477000
Myanmar,Imported2020,40439000
Namibia,Imported2020,29327000
Nepal,Imported2020,22067000
New Zealand,Imported2020,194539000
Nicaragua,Imported2020,15689000
Nigeria,Imported2020,36806000
Norway,Imported2020,301231000
Oman,Imported2020,17182000
Panama,Imported2020,85261000
Paraguay,Imported2020,18013000
Peru,Imported2020,93625000
Philippines,Imported2020,129942000
Pitcairn,Imported2020,
Portugal,Imported2020,235564000
Qatar,Imported2020,117569000
Romania,Imported2020,230596000
Russian Federation,Imported2020,1015589000
Saudi Arabia,Imported2020,596594000
Serbia,Imported2020,67806000
Slovakia,Imported2020,178809000
Sweden,Imported2020,438807000
Taiwan,Imported2020,851244000
Thailand,Imported2020,615330000
Tunisia,Imported2020,33620000
Turkey,Imported2020,255681000
Ukraine,Imported2020,211412000
United Arab Emirates,Imported2020,538758000
Uruguay,Imported2020,16947000
Uzbekistan,Imported2020,14650000
Viet Nam,Imported2020,175625000
Western Sahara,Imported2020,
